0.9891487640000001:[1, -8],
0.989686107:[1, -8],
0.9900613680000001:[1, -8],
0.9904318360000001:[1, -8],
0.9907927230000001:[1, -8],
0.9911541300000001:[1, -8],
0.9915131410000001:[1, -8],
0.991873141:[1, -8],
0.9922458500000001:[1, -8],
0.992618922:[1, -8],
0.9929822030000001:[1, -7],
0.993358818:[1, -7],
0.9937415770000001:[1, -7],
0.9941148070000001:[1, -7],
0.9945166820000001:[1, -7],
0.9948923070000001:[1, -7],
0.9952628280000001:[1, -7],
0.995637411:[1, -7],
0.9960060570000001:[1, -7],
0.996377515:[1, -7],
0.9969492320000001:[1, -7],
0.997326472:[1, -7],
0.997697618:[1, -7],
0.998174128:[1, -7],
0.998545326:[1, -7],
0.9989029300000001:[1, -7],
0.999270274:[1, -7],
0.9996320970000001:[1, -7],
1.000156785:[1, -7],
1.000571159:[1, -6],
1.000930117:[1, -6],
1.001284545:[1, -6],
1.001664285:[1, -6],
1.002023034:[1, -6],
1.00239069:[1, -6],
1.002757878:[1, -6],
1.003128034:[1, -5],
1.003496211:[1, -5],
1.003864857:[1, -5],
1.004236159:[1, -5],
1.004605794:[1, -5],
1.004991419:[1, -5],
1.005361367:[1, -5],
1.00573095:[1, -5],
1.006100688:[1, -4],
1.006460219:[1, -4],
1.006831834:[1, -4],
1.007206104:[1, -4],
1.007572979:[1, -4],
1.007940166:[1, -4],
1.008326311:[1, -4],
1.008707614:[1, -4],
1.00907506:[1, -4],
1.009443602:[1, -3],
1.009813653:[1, -3],
1.01018355:[1, -3],
1.010549279:[1, -3],
1.011204852:[1, -3],
1.011650841:[1, -3],
1.012061674:[1, -3],
1.012455007:[1, -3],
1.012822611:[1, -3],
1.013192038:[1, -3],
1.013558809:[1, -3],
1.013925996:[1, -3],
1.014298808:[1, -3],
1.014669589:[1, -3],
1.01503714:[1, -3],
1.015412609:[1, -3],
1.015800526:[1, -3],
1.01616964:[1, -3],
1.016534849:[1, -3],
1.016901047:[1, -3],
1.017268079:[1, -3],
1.017635319:[1, -3],
1.01800433:[1, -3],
1.018377299:[1, -3],
1.018745215:[1, -3],
1.019128289:[1, 4],
1.019498602:[1, 4],
1.019859227:[1, 4],
1.020221519:[1, 4],
1.020585945:[1, 4],
1.020947247:[1, 4],
1.021312559:[1, 4],
1.021677507:[1, 4],
1.022043288:[1, 4],
1.02240886:[1, 4],
1.022771465:[1, 4],
1.023135424:[1, 4],
1.023499904:[1, 4],
1.023941206:[1, 4],
1.024305841:[1, 4],
1.024670475:[1, 4],
1.025032975:[1, 4],
1.025396413:[1, 4],
1.025774121:[1, 4],
1.02615308:[1, 4],
1.026518758:[1, 8],
1.026883967:[1, 8],
1.027245997:[1, 8],
1.027606362:[1, 8],
1.027971726:[1, 8],
1.028391153:[1, 8],
1.02875532:[1, 8],
1.029123288:[1, 8],
1.029487039:[1, 8],
1.029854955:[1, 8],
1.030223601:[1, 8],
1.030590008:[1, 8],
1.030953237:[1, 8],
1.031312718:[1, 8],
1.031675009:[1, 8],
1.032040582:[1, 8],
1.032408394:[1, 8],
1.033074072:[1, 10],
1.033468967:[1, 10],
1.033836258:[1, 10],
1.034202561:[1, 10],
1.034569748:[1, 10],
1.034932612:[1, 10],
1.035293759:[1, 10],
1.035657717:[1, 10],
1.03602079:[1, 10],
1.0364024569999999:[1, 10],
1.036772978:[1, 10],
1.037216936:[1, 10],
1.037584748:[1, 11],
1.037950686:[1, 11],
1.038316833:[1, 11],
1.038682926:[1, 11],
1.039051154:[1, 11],
1.039416206:[1, 11],
1.039780372:[1, 11],
1.040167351:[1, 11],
1.040530373:[1, 11],
1.040892613:[1, 11],
1.041258343:[1, 11],
1.04167652:[1, 11],
1.04204277:[1, 11],
1.042404437:[1, 11],
1.04277001:[1, 11],
1.043137771:[1, 11],
1.043518239:[1, 11],
1.043882615:[1, 11],
1.044249125:[1, 11],
1.04460949:[1, 11],
1.044972302:[1, 11],
1.045337666:[1, 11],
1.045697249:[1, 11],
1.046064696:[1, 11],
1.046429801:[1, 11],
1.046813394:[1, 11],
1.047178237:[1, 11],
1.047541622:[1, 11],
1.047904123:[1, 11],
1.048268914:[1, 12],
1.04863256:[1, 12],
1.048997612:[1, 12],
1.049365008:[1, 12],
1.049727143:[1, 12],
1.050086519:[1, 12],
1.050455217:[1, 12],
1.050818028:[1, 12],
1.051189383:[1, 12],
1.051556206:[1, 12],
1.051922143:[1, 12],
1.052287298:[1, 12],
1.05265308:[1, 12],
1.053016622:[1, 12],
1.053381257:[1, 12],
1.053764643:[1, 12],
1.054197196:[1, 12],
1.05482579:[1, 12],
1.055226259:[2, 13],
1.055613499:[2, 13],
1.05600027:[2, 13],
1.056418499:[2, 13],
1.056829854:[2, 13],
1.05719803:[2, 13],
1.057586206:[2, 13],
1.057947976:[2, 13],
1.058312403:[2, 13],
1.058678966:[2, 13],
1.059157039:[2, 13],
1.059524695:[2, 13],
1.059892976:[2, 12],
1.060254382:[2, 12],
1.06061808:[2, 12],
1.060996829:[2, 12],
1.061362558:[2, 12],
1.061729641:[2, 12],
1.062097297:[2, 12],
1.062464588:[2, 12],
1.062827192:[2, 12],
1.063251567:[2, 12],
1.063622088:[2, 12],
1.063988078:[2, 12],
1.064353651:[2, 12],
1.064717713:[2, 12],
1.065081412:[2, 12],
1.06544662:[2, 12],
1.065814277:[2, 12],
1.066184016:[2, 12],
1.066551464:[2, 12],
1.066914641:[2, 12],
1.067278598:[2, 12],
1.067647661:[2, 12],
1.068011671:[2, 12],
1.068375942:[2, 12],
1.068739536:[2, 12],
1.069107192:[2, 12],
1.069471724:[2, 12],
1.069832661:[2, 12],
1.070197766:[2, 12],
1.070561724:[2, 12],
1.070936984:[2, 12],
1.071313912:[2, 12],
1.071674484:[2, 12],
1.072041359:[2, 12],
1.072411724:[2, 12],
1.072776776:[2, 12],
1.073138181:[2, 12],
1.073503077:[2, 12],
1.073871984:[2, 11],
1.074251359:[2, 11],
1.074627297:[2, 11],
1.0749991190000001:[2, 11],
1.075369692:[2, 11],
1.075742089:[2, 11],
1.076102192:[2, 11],
1.076704901:[2, 11],
1.077106151:[2, 11],
1.077485213:[2, 11],
1.077857349:[2, 11],
1.078214432:[2, 11],
1.078566776:[2, 11],
1.078921932:[2, 11],
1.079331202:[2, 11],
1.079686566:[2, 10],
1.080037869:[2, 10],
1.080484327:[2, 10],
1.080849639:[2, 10],
1.081282295:[2, 10],
1.081670523:[2, 10],
1.082032189:[2, 10],
1.082392917:[2, 10],
1.082755678:[2, 10],
1.083119793:[2, 10],
1.083483855:[2, 10],
1.083843907:[2, 10],
1.084204583:[2, 10],
1.084565052:[2, 10],
1.084930313:[2, 10],
1.085293855:[2, 10],
1.085659895:[2, 9],
1.086021614:[2, 9],
1.086380468:[2, 9],
1.086741041:[2, 9],
1.087100469:[2, 9],
1.0874625:[2, 9],
1.087824063:[2, 9],
1.088185677:[2, 9],
1.088561407:[2, 9],
1.08892125:[2, 9],
1.08936224:[2, 9],
1.089727344:[2, 9],
1.090087187:[2, 9],
1.090449218:[2, 9],
1.090811041:[2, 9],
1.091178644:[2, 9],
1.091541665:[2, 9],
1.091924843:[3, 7],
1.092287915:[3, 7],
1.092648488:[3, 7],
1.093011718:[3, 7],
1.093437186:[3, 7],
1.093802291:[3, 7],
1.094161145:[3, 7],
1.094521353:[3, 7],
1.09488328:[3, 7],
1.095258749:[3, 7],
1.095623124:[3, 7],
1.09598802:[3, 7],
1.096348281:[3, 7],
1.096707448:[3, 7],
1.097069948:[3, 7],
1.097430884:[3, 7],
1.097791927:[3, 7],
1.098428122:[3, 7],
1.098803799:[3, 7],
1.099177289:[3, 7],
1.099556091:[3, 7],
1.099940465:[3, 7],
1.100306455:[3, 7],
1.100673226:[3, 5],
1.101035308:[3, 5],
1.101395464:[3, 5],
1.101754423:[3, 5],
1.102248641:[3, 5],
1.102631506:[3, 5],
1.102994735:[3, 5],
1.103355152:[3, 5],
1.103718121:[3, 5],
1.104082132:[3, 5],
1.104443694:[3, 5],
1.104803173:[3, 5],
1.105164996:[3, 5],
1.105525152:[3, 5],
1.105890829:[3, 6],
1.106259058:[3, 6],
1.106612653:[3, 6],
1.106975883:[3, 6],
1.10733708:[3, 6],
1.107696039:[3, 6],
1.108062497:[3, 6],
1.10842859:[3, 6],
1.108788956:[3, 6],
1.109158903:[3, 6],
1.109518747:[3, 6],
1.1098796850000001:[3, 6],
1.110248383:[3, 6],
1.110606508:[3, 6],
1.110971092:[3, 6],
1.111332758:[3, 6],
1.111692706:[3, 6],
1.112055415:[3, 8],
1.112427031:[3, 8],
1.112805364:[3, 8],
1.113165885:[3, 8],
1.113528906:[3, 8],
1.113892968:[3, 8],
1.114253698:[3, 8],
1.114615573:[3, 8],
1.115057292:[3, 8],
1.115417343:[3, 8],
1.115776718:[3, 8],
1.11614125:[3, 8],
1.116503593:[3, 8],
1.116863385:[3, 8],
1.117230313:[3, 8],
1.117589375:[3, 8],
1.117947604:[3, 8],
1.118309635:[3, 8],
1.118670365:[3, 8],
1.119036354:[3, 10],
1.119426718:[3, 10],
1.119790468:[3, 10],
1.120426145:[3, 10],
1.120785781:[3, 10],
1.121150936:[3, 10],
1.12151427:[3, 10],
1.121877759:[3, 10],
1.122258801:[3, 10],
1.122625156:[3, 10],
1.122994686:[3, 10],
1.123359686:[3, 11],
1.123798228:[3, 11],
1.124162707:[3, 11],
1.124526093:[3, 11],
1.124888801:[3, 11],
1.125252291:[3, 11],
1.12561328:[3, 11],
1.1259784879999999:[3, 11],
1.126358852:[3, 11],
1.1267340080000001:[3, 11],
1.127101352:[3, 11],
1.127465362:[3, 11],
1.1278263:[3, 11],
1.12817932:[3, 11],
1.128540779:[3, 11],
1.128902914:[3, 11],
1.129268018:[3, 11],
1.129632444:[3, 11],
1.129995673:[3, 11],
1.13035635:[3, 11],
1.130716974:[3, 11],
1.131079683:[3, 11],
1.131441247:[3, 11],
1.131810257:[3, 11],
1.132166506:[3, 11],
1.13252786:[3, 11],
1.132889006:[3, 11],
1.133264943:[3, 11],
1.133627651:[3, 11],
1.133995515:[3, 11],
1.134359526:[3, 11],
1.134721974:[3, 11],
1.135086089:[3, 11],
1.135446454:[3, 11],
1.135808589:[3, 10],
1.136799057:[3, 10],
1.137519162:[3, 10],
1.137923537:[3, 10],
1.138313485:[3, 10],
1.138712027:[3, 10],
1.139157912:[3, 10],
1.139577912:[3, 10],
1.139969839:[3, 9],
1.140375047:[3, 9],
1.140775778:[3, 9],
1.141195778:[3, 9],
1.141713903:[3, 9],
1.142545206:[3, 9],
1.143013799:[3, 9],
1.143493904:[3, 9],
1.14397484:[3, 9],
1.144417392:[3, 9],
1.144848122:[3, 9],
1.145274268:[3, 9],
1.145694268:[3, 9],
1.146126715:[3, 9],
1.146545726:[3, 9],
1.1469679130000001:[3, 9],
1.147398694:[4, 8],
1.147822861:[4, 8],
1.148245829:[4, 8],
1.148677704:[4, 8],
1.149099995:[4, 8],
1.149512962:[4, 8],
1.149942597:[4, 8],
1.150522597:[4, 8],
1.150961139:[4, 8],
1.151384836:[4, 8],
1.151807597:[4, 8],
1.152226034:[4, 8],
1.15265218:[4, 8],
1.153071763:[4, 8],
1.153500826:[4, 8],
1.153929679:[4, 8],
1.154354107:[4, 8],
1.154779523:[4, 8],
1.1551982729999999:[4, 8],
1.155628585:[4, 8],
1.156051814:[4, 8],
1.156477022:[4, 8],
1.15689671:[4, 8],
1.15732197:[4, 8],
1.157758533:[4, 8],
1.158174679:[4, 10],
1.158599888:[4, 10],
1.159030721:[4, 10],
1.159582284:[4, 10],
1.160037076:[4, 10],
1.160469575:[4, 10],
1.160897388:[4, 10],
1.161325721:[4, 10],
1.1617563450000001:[4, 10],
1.162193741:[4, 10],
1.162627699:[4, 10],
1.163065094:[4, 11],
1.163493845:[4, 11],
1.163932542:[4, 11],
1.164501866:[4, 11],
1.164940095:[4, 11],
1.16536598:[4, 11],
1.166211084:[4, 11],
1.166674834:[4, 11],
1.1669246260000001:[4, 11],
1.167166919:[4, 11],
1.167398585:[4, 11],
1.167635669:[4, 11],
1.167868898:[4, 11],
1.168100512:[4, 11],
1.168332127:[4, 11],
1.168567752:[4, 11],
1.168806866:[4, 11],
1.169132803:[4, 13],
1.169372958:[4, 13],
1.169610875:[4, 13],
1.169849:[4, 13],
1.170083948:[4, 13],
1.1703197300000001:[4, 13],
1.17056228:[4, 13],
1.170799624:[4, 13],
1.171031916:[4, 13],
1.171255302:[4, 13],
1.171483322:[4, 13],
1.171699259:[4, 13],
1.1719244149999999:[4, 13],
1.172144468:[4, 13],
1.172373375:[4, 13],
1.172588479:[4, 13],
1.172815874:[4, 13],
1.173048688:[4, 14],
1.173276709:[4, 14],
1.173503636:[4, 14],
1.173706188:[4, 14],
1.1739098860000001:[4, 14],
1.17411098:[4, 14],
1.1743160320000001:[4, 14],
1.174519053:[4, 14],
1.174733583:[4, 14],
1.1749569690000001:[4, 14],
1.175175303:[4, 14],
1.175379157:[4, 14],
1.175580146:[4, 14],
1.175780615:[4, 14],
1.17598301:[4, 14],
1.176183375:[4, 14],
1.176387073:[4, 14],
1.176587334:[4, 14],
1.17678749:[4, 14],
1.176988323:[4, 15],
1.177189937:[4, 15],
1.177393688:[4, 15],
1.177594312:[4, 15],
1.17779775:[4, 15],
1.17799801:[4, 15],
1.17820176:[4, 15],
1.178401812:[4, 15],
1.178602646:[4, 15],
1.178805198:[4, 15],
1.179006084:[4, 15],
1.179207749:[4, 15],
1.179407854:[4, 15],
1.179609363:[4, 15],
1.179810561:[4, 15],
1.180011602:[4, 15],
1.180212331:[4, 15],
1.180412695:[4, 15],
1.180613164:[4, 15],
1.180816966:[4, 15],
1.181017696:[4, 15],
1.181219519:[4, 15],
1.181421238:[4, 15],
1.181625197:[4, 15],
1.181828947:[4, 15],
1.182029468:[5, 11],
1.182230562:[5, 11],
1.1824343640000001:[5, 11],
1.182637436:[5, 11],
1.182837695:[5, 11],
1.183039466:[5, 11],
1.18323957:[5, 11],
1.183441861:[5, 11],
1.183642226:[5, 11],
1.183843268:[5, 11],
1.184043633:[5, 11],
1.184245561:[5, 11],
1.184446291:[5, 11],
1.184648582:[5, 11],
1.184849311:[5, 11],
1.1850533730000001:[5, 11],
1.185256446:[5, 11],
1.185456446:[5, 11],
1.185656498:[5, 11],
1.185859936:[5, 11],
1.186063373:[5, 11],
1.186381081:[5, 11],
1.186584571:[5, 11],
1.1867855600000001:[5, 11],
1.186988373:[5, 11],
1.187192227:[5, 11],
1.187394519:[5, 11],
1.18759478:[5, 11],
1.187797227:[5, 11],
1.187998321:[5, 11],
1.188199571:[5, 11],
1.188401966:[5, 11],
1.188603268:[5, 11],
1.188803998:[5, 11],
1.189004935:[5, 11],
1.189243947:[5, 11],
1.189446759:[5, 11],
1.189646916:[5, 11],
1.189847853:[5, 11],
1.190051134:[5, 11],
1.190251238:[5, 1],
1.190452227:[5, 1],
1.1906528:[5, 1],
1.19085582:[5, 1],
1.191059204:[5, 1],
1.1912628490000001:[5, 1],
1.191464673:[5, 1],
1.191665088:[5, 1],
1.191865714:[5, 1],
1.192065975:[5, 1],
1.19226983:[5, 1],
1.192473372:[5, 1],
1.192673528:[5, 1],
1.192873528:[5, 1],
1.193109883:[5, 1],
1.193313788:[5, 1],
1.193515455:[5, 1],
1.193715873:[5, 1],
1.19391655:[5, 1],
1.194120352:[5, 1],
1.194321863:[5, 1],
1.194525458:[5, 1],
1.194728323:[5, 1],
1.194928582:[5, 1],
1.195129884:[5, 1],
1.195331603:[5, 1],
1.195532593:[5, 1],
1.1957364990000001:[5, 1],
1.1959391560000001:[5, 1],
1.196141499:[5, 1],
1.196342021:[5, 1],
1.196545407:[5, 1],
1.196749157:[5, 1],
1.196953168:[5, 1],
1.197155354:[5, 1],
1.197355823:[5, 1],
1.197559572:[5, 1],
1.197760039:[5, 1],
1.197961185:[5, 1],
1.198161341:[5, 1],
1.198362123:[5, 1],
1.198562383:[5, 1],
1.198764154:[5, 1],
1.198964623:[5, 1],
1.199165872:[5, 1],
1.199366184:[5, 1],
1.199567799:[5, 1],
1.199771757:[5, 1],
1.199971965:[5, 1],
1.200172174:[5, 1],
1.200376133:[5, 1],
1.200578528:[5, 1],
1.200778841:[5, 1],
1.200978894:[5, 1],
1.201186185:[5, 1],
1.201387955:[5, 1],
1.201588164:[5, 1],
1.20179108:[5, 1],
1.201994882:[5, 1],
1.202196496:[5, 1],
1.202400351:[5, 1],
1.202601131:[5, 1],
1.202801288:[5, 1],
1.203002174:[5, 1],
1.203205975:[5, 1],
1.203406965:[5, 1],
1.203610924:[5, 1],
1.203812434:[5, 1],
1.204016445:[5, 1],
1.204217747:[5, 1],
1.204417851:[5, 1],
1.204619778:[5, 1],
1.2048204550000001:[5, 1],
1.205026654:[5, 1],
1.205230509:[5, 1],
1.205430613:[5, 1],
1.205634051:[5, 1],
1.205836811:[5, 1],
1.206040404:[5, 3],
1.206433998:[5, 3],
1.206637437:[5, 3],
1.206839571:[5, 3],
1.207042592:[5, 3],
1.207246031:[5, 3],
1.207449988:[5, 3],
1.2076503:[5, 3],
1.2078503010000001:[5, 3],
1.208052385:[5, 3],
1.208252542:[5, 3],
1.208456396:[5, 3],
1.208660146:[5, 3],
1.20886348:[5, 3],
1.209066709:[5, 3],
1.209267231:[5, 3],
1.209467856:[5, 3],
1.209668898:[5, 3],
1.209872284:[5, 3],
1.210073535:[5, 3],
1.210277285:[5, 3],
1.210478118:[5, 3],
1.210682075:[5, 3],
1.2108830130000001:[5, 3],
1.211084159:[5, 3],
1.211284992:[5, 3],
1.211485826:[5, 3],
1.211687233:[5, 3],
1.211887962:[5, 3],
1.212091765:[5, 3],
1.212295879:[5, 3],
1.212499421:[5, 3],
1.212703328:[5, 3],
1.212905411:[5, 3],
1.213107025:[5, 3],
1.213310983:[5, 3],
1.213514681:[5, 3],
1.213715514:[5, 3],
1.2139193160000001:[5, -1],
1.21412192:[5, -1],
1.214323013:[5, -1],
1.214526242:[5, -1],
1.214727596:[5, -1],
1.214929575:[5, -1],
1.215130668:[5, -1],
1.215333793:[5, -1],
1.215534991:[5, -1],
1.215735668:[5, -1],
1.215937282:[5, -1],
1.216138531:[5, -1],
1.216339937:[5, -1],
1.216541604:[5, -1],
1.216743115:[5, -1],
1.21694645:[5, -1],
1.217149158:[5, -1],
1.217352646:[5, -1],
1.217554573:[5, -1],
1.217756084:[5, -1],
1.217957803:[5, -1],
1.218158689:[5, -1],
1.218361866:[5, -4],
1.2185642620000001:[5, -4],
1.218768272:[5, -4],
1.218969887:[5, -4],
1.219172336:[5, -4],
1.21937421:[5, -4],
1.219576918:[5, -4],
1.219778378:[5, -4],
1.219981451:[5, -4],
1.220182648:[5, -4],
1.220385617:[5, -4],
1.220587804:[5, -4],
1.220789888:[5, -4],
1.220993794:[5, -4],
1.22119718:[5, -4],
1.221400304:[5, -4],
1.221603326:[5, -4],
1.221805513:[5, -4],
1.222008066:[5, -4],
1.222210566:[5, -4],
1.222412858:[5, -4],
1.222614421:[5, -4],
1.222816557:[5, -4],
1.223019421:[5, -5],
1.223221609:[5, -5],
1.223423222:[5, -5],
1.223627025:[5, -5],
1.223828586:[5, -5],
1.224031816:[5, -5],
1.224233898:[5, -5],
1.224437024:[5, -5],
1.224638482:[5, -5],
1.224842441:[5, -5],
1.225044056:[5, -5],
1.225245828:[5, -5],
1.225447756:[5, -5],
1.22564911:[5, -5],
1.225850099:[5, -5],
1.226051662:[5, -5],
1.2263572360000001:[5, -5],
1.226560986:[5, -5],
1.226763903:[5, -5],
1.226966558:[5, -5],
1.227168485:[5, -5],
1.227369423:[5, -5],
1.227570413:[5, -5],
1.227771143:[5, -5],
1.227971508:[5, -5],
1.228174373:[5, -5],
1.228377708:[5, -5],
1.228579738:[5, -5],
1.228781405:[5, -5],
1.228984427:[5, -5],
1.229188229:[5, -5],
1.229391405:[5, -5],
1.229594635:[5, -5],
1.229797134:[5, -5],
1.230000884:[5, -5],
1.230203071:[5, -5],
1.230406144:[5, -5],
1.230607654:[5, -5],
1.2308110380000001:[5, -5],
1.231014893:[5, -5],
1.231217444:[5, -5],
1.231419892:[5, -5],
1.231621819:[5, -5],
1.231824424:[5, -5],
1.232026664:[5, -5],
1.23222932:[5, -5],
1.232433226:[5, -5],
1.232635622:[5, -5],
1.232836611:[5, -5],
1.233039059:[5, -5],
1.233243121:[5, -5],
1.233445049:[5, -5],
1.233648434:[5, -5],
1.233850986:[5, -5],
1.23433359:[5, -5],
1.234561662:[5, -5],
1.234765048:[5, -5],
1.234968902:[5, -5],
1.235169162:[5, -5],
1.235370204:[5, -5],
1.235570724:[5, -5],
1.235773849:[5, -5],
1.235977286:[5, -5],
1.2361813480000001:[5, -5],
1.236382546:[5, -5],
1.23658541:[5, -5],
1.236841973:[5, -5],
1.237044524:[5, -5],
1.237248326:[5, -5],
1.237450617:[5, -5],
1.237653847:[5, -5],
1.237857493:[5, -5],
1.238061034:[5, -5],
1.238263015:[5, -5],
1.238466036:[5, -5],
1.238668378:[5, -5],
1.238870097:[5, -5],
1.239071868:[5, -5],
1.239273327:[5, -5],
1.239476087:[5, -5],
1.239676295:[5, -5],
1.239879212:[5, -5],
1.240081138:[5, -5],
1.2402833260000001:[5, -5],
1.240483638:[5, -5],
1.240685825:[5, -5],
1.240886034:[5, -5],
1.24108817:[5, -5],
1.241291451:[5, -5],
1.241493899:[5, -5],
1.241694003:[5, -5],
1.241896347:[5, -5],
1.242099421:[5, -5],
1.242302026:[5, -5],
1.242504526:[5, -5],
1.242707026:[5, -5],
1.242908952:[5, -5],
1.243111504:[5, -5],
1.243314108:[5, -5],
1.243516817:[5, -5],
1.243719682:[4, -4],
1.243923536:[4, -4],
1.244125567:[4, -4],
1.24432765:[4, -4],
1.244529368:[4, -4],
1.244736816:[4, -4],
1.24493817:[4, -4],
1.245140567:[4, -4],
1.245342858:[4, -4],
1.24554593:[4, -4],
1.245747389:[4, -4],
1.245949732:[4, -4],
1.246150618:[4, -4],
1.246480306:[4, -4],
1.2466823900000001:[4, -4],
1.246883848:[4, -4],
1.247086505:[4, -4],
1.247288641:[4, -4],
1.2474915580000001:[4, -4],
1.247692548:[4, -4],
1.247894943:[4, -4],
1.248098119:[4, -4],
1.2483006190000001:[4, -4],
1.248500724:[4, -4],
1.248702494:[4, -4],
1.248902754:[4, -4],
1.249105098:[4, -4],
1.249308483:[4, -4],
1.249510775:[4, -4],
1.24971291:[4, -4],
1.249915045:[4, -4],
1.250118066:[4, -4],
1.250320202:[4, -4],
1.250523119:[4, -4],
1.2507259830000002:[4, -4],
1.2509267130000001:[4, -4],
1.2511272340000001:[4, -4],
1.251327339:[4, -4],
1.251529214:[4, -4],
1.2517323390000001:[4, -4],
1.251936298:[4, -4],
1.252138486:[4, -4],
1.252340621:[4, -4],
1.252542652:[4, -4],
1.252760256:[4, -6],
1.252961976:[4, -6],
1.253164632:[4, -6],
1.25336708:[4, -6],
1.2535688:[4, -6],
1.253769632:[4, -6],
1.253971977:[4, -6],
1.254174007:[4, -6],
1.254377549:[4, -6],
1.254579268:[4, -6],
1.254782393:[4, -6],
1.2549838:[4, -6],
1.255186092:[4, -6],
1.255387914:[4, -6],
1.2555911960000001:[4, -6],
1.255795207:[4, -6],
1.255998592:[4, -6],
1.256201924:[4, -6],
1.256404842:[4, -6],
1.256606821:[4, -6],
1.256810154:[4, -6],
1.257011041:[4, -6],
1.257212551:[4, -4],
1.257413436:[4, -4],
1.257613801:[4, -4],
1.257814427:[4, -4],
1.2580173430000001:[4, -4],
1.258220729:[4, -4],
1.258423437:[4, -4],
1.258626198:[4, -4],
1.2588285940000001:[4, -4],
1.2590285940000001:[4, -4],
1.259228698:[4, -4],
1.259431406:[4, -4],
1.25963427:[4, -4],
1.25983651:[4, -4],
1.26003927:[4, -4],
1.260241458:[4, -3],
1.260444426:[4, -3],
1.26064755:[4, -3],
1.260849998:[4, -3],
1.261051873:[4, -3],
1.261255415:[4, -3],
1.261456925:[4, -3],
1.261660937:[4, -3],
1.261862031:[4, -3],
1.262063906:[4, -3],
1.262265937:[4, -3],
1.262468386:[4, -3],
1.262670468:[4, -3],
1.2628721870000001:[4, -3],
1.263075833:[4, -3],
1.263278124:[4, -3],
1.263480468:[4, -3],
1.263682291:[4, -3],
1.263884427:[4, -3],
1.264086146:[4, -3],
1.26428875:[4, -3],
1.264490313:[4, -3],
1.264694219:[4, -3],
1.264895469:[4, -3],
1.26509724:[4, -3],
1.265298021:[4, -3],
1.265500885:[4, -3],
1.265702656:[4, -3],
1.265904844:[4, -3],
1.266105781:[4, -3],
1.266459273:[4, -3],
1.266662033:[4, -3],
1.266862398:[4, -3],
1.267066408:[4, -3],
1.267269169:[4, -3],
1.267472607:[4, -3],
1.267678283:[4, -3],
1.267881668:[4, -3],
1.268083856:[4, -3],
1.268287398:[4, -3],
1.268488179:[4, 1],
1.268739117:[4, 1],
1.26894297:[4, 1],
1.269143178:[4, 1],
1.26934521:[4, 1],
1.269545991:[4, 1],
1.269748231:[4, 1],
1.269952085:[4, 1],
1.270154065:[4, 1],
1.270354534:[4, 1],
1.270556148:[4, 1],
1.270758441:[4, -1],
1.270961096:[4, -1],
1.271164325:[4, -1],
1.271367607:[4, -1],
1.271570471:[4, -1],
1.271773388:[4, -1],
1.2719757839999999:[4, -1],
1.272177033:[4, -1],
1.272380106:[4, -1],
1.272599273:[4, -1],
1.27280016:[4, -1],
1.273003232:[4, -1],
1.273204795:[4, -1],
1.2734073989999999:[4, -1],
1.27361141:[4, -1],
1.273813754:[4, -1],
1.2740157330000002:[4, -1],
1.27421615:[4, -1],
1.274417608:[4, -3],
1.274620578:[4, -3],
1.274822453:[4, -3],
1.275023859:[4, -3],
1.275225318:[4, -3],
1.275426777:[4, -3],
1.27562985:[4, -3],
1.275831411:[4, -3],
1.276032402:[4, -3],
1.276234016:[4, -3],
1.276436047:[4, -3],
1.27663839:[4, -3],
1.276841099:[4, -3],
1.277043391:[4, -3],
1.277246099:[4, -4],
1.277448078:[4, -4],
1.2776507860000001:[4, -4],
1.2778542750000002:[4, -4],
1.278054587:[4, -4],
1.278256253:[4, -4],
1.278459221:[4, -4],
1.278662034:[4, -4],
1.278865054:[4, -4],
1.279067137:[4, -4],
1.279270523:[4, -4],
1.279472345:[4, -4],
1.2796750540000001:[4, -4],
1.2798783870000001:[4, -4],
1.28008224:[4, -6],
1.280284531:[4, -6],
1.280503594:[4, -6],
1.280705574:[4, -6],
1.280907397:[4, -6],
1.281109115:[4, -6],
1.28131125:[4, -6],
1.281512969:[4, -6],
1.281716666:[4, -6],
1.281918594:[4, -6],
1.282121979:[4, -6],
1.282324167:[4, -6],
1.2825272920000002:[4, -7],
1.282730939:[4, -7],
1.282933387:[4, -7],
1.283135106:[4, -7],
1.283337345:[4, -7],
1.283539324:[4, -7],
1.283741823:[4, -7],
1.283943386:[4, -7],
1.284145729:[4, -7],
1.284348177:[4, -7],
1.284551459:[4, -7],
1.284753855:[4, -7],
1.284955261:[4, -7],
1.285156041:[4, -8],
1.285357864:[4, -8],
1.285558854:[4, -8],
1.285759948:[4, -8],
1.285962031:[4, -8],
1.286274218:[4, -8],
1.286476302:[4, -8],
1.2866797380000001:[4, -8],
1.286880676:[4, -8],
1.2870835409999999:[4, -8],
1.287286353:[4, -8],
1.287489686:[4, -8],
1.287692498:[4, -8],
1.287894165:[4, -8],
1.2880972370000001:[4, -8],
1.288297237:[4, -8],
1.288500519:[4, -8],
1.288719633:[4, -8],
1.288920675:[4, -8],
1.289122967:[4, -8],
1.289324685:[4, -8],
1.2895247890000001:[4, -8],
1.2897249450000001:[4, -8],
1.289925362:[4, -8],
1.2901281230000001:[4, -8],
1.29033182:[4, -11],
1.2905343710000001:[4, -11],
1.290734581:[4, -11],
1.290938018:[4, -11],
1.291140205:[4, -11],
1.291343174:[4, -11],
1.291545414:[4, -11],
1.291747914:[4, -11],
1.291949999:[4, -11],
1.29215302:[4, -11],
1.2923549460000001:[4, -11],
1.292568435:[4, -11],
1.292769008:[4, -12],
1.292971612:[4, -12],
1.293174269:[4, -12],
1.293376456:[4, -12],
1.293577653:[4, -12],
1.293779216:[4, -12],
1.293981143:[4, -12],
1.2941834349999999:[4, -12],
1.294384789:[4, -12],
1.29458781:[4, -12],
1.294789999:[4, -12],
1.29499203:[4, -12],
1.295194843:[4, -14],
1.295397343:[4, -14],
1.295601197:[4, -14],
1.295803541:[4, -14],
1.296006771:[4, -14],
1.296208698:[4, -14],
1.29641177:[4, -14],
1.296619427:[4, -14],
1.296819687:[4, -14],
1.2970207820000001:[4, -14],
1.29722401:[4, -14],
1.297424635:[4, -14],
1.297628489:[4, -15],
1.297831615:[4, -15],
1.29803375:[4, -15],
1.298236459:[4, -15],
1.298440312:[4, -15],
1.298643125:[4, -15],
1.298845573:[4, -15],
1.2990477089999999:[4, -15],
1.2992480720000001:[4, -15],
1.299448176:[4, -15],
1.299650572:[4, -15],
1.299853437:[4, -15],
1.300055988:[4, -15],
1.300257446:[4, -15],
1.300466925:[4, -15],
1.300667134:[4, -15],
1.30087031:[4, -15],
1.301072758:[4, -15],
1.301275311:[4, -15],
1.301477707:[4, -15],
1.301680936:[4, -15],
1.301882655:[4, -15],
1.302085467:[4, -15],
1.30228729:[4, -16],
1.30248953:[4, -16],
1.302691509:[4, -16],
1.3028936450000002:[4, -16],
1.303097342:[4, -16],
1.3032997910000002:[4, -16],
1.3035036450000002:[4, -16],
1.303707237:[4, -16],
1.303910153:[4, -16],
1.304112341:[4, -16],
1.304343018:[4, -16],
1.3045447380000001:[4, -16],
1.304748541:[4, -16],
1.304949999:[4, -16],
1.305152187:[4, -16],
1.305353852:[4, -16],
1.3055558839999999:[4, -16],
1.30575979:[4, -16],
1.305963175:[4, -16],
1.306260572:[4, -16],
1.30646177:[4, -16],
1.30666427:[4, -16],
1.3068655200000001:[3, -18],
1.307067915:[3, -18],
1.307270936:[3, -18],
1.30748953:[3, -18],
1.307716614:[3, -18],
1.307916719:[3, -18],
1.308120781:[3, -18],
1.3083233330000001:[3, -18],
1.308526561:[3, -18],
1.308729321:[3, -18],
1.308932706:[3, -18],
1.309135102:[3, -18],
1.309338695:[3, -19],
1.309541612:[3, -19],
1.30974458:[3, -19],
1.309947027:[3, -19],
1.3101501:[3, -19],
1.310351662:[3, -19],
1.310555308:[3, -19],
1.31075786:[3, -19],
1.311228796:[3, -19],
1.311447026:[3, -19],
1.311650306:[3, -19],
1.311854264:[3, -19],
1.312057388:[3, -19],
1.312258066:[3, -19],
1.312460305:[3, -19],
1.312692077:[3, -22],
1.31289265:[3, -22],
1.3130964:[3, -22],
1.313299108:[3, -22],
1.313501504:[3, -22],
1.313701609:[3, -22],
1.313904472:[3, -22],
1.314108534:[3, -22],
1.31431067:[3, -22],
1.314514314:[3, -22],
1.314714628:[3, -22],
1.314918482:[3, -22],
1.315121035:[3, -22],
1.315324629:[3, -22],
1.315527859:[3, -22],
1.31573114:[3, -22],
1.315933901:[3, -22],
1.3161379100000001:[3, -23],
1.316339004:[3, -23],
1.316550826:[3, -23],
1.316752388:[3, -23],
1.316955149:[3, -23],
1.3171575450000002:[3, -23],
1.317357909:[3, -23],
1.317560253:[3, -23],
1.317763377:[3, -23],
1.317965877:[3, -23],
1.318169054:[3, -23],
1.318371503:[3, -23],
1.3185752:[3, -23],
1.318776503:[3, -23],
1.3189806179999999:[3, -23],
1.319180931:[3, -23],
1.319381088:[3, -24],
1.319584942:[3, -24],
1.319788328:[3, -24],
1.319991193:[3, -24],
1.320194005:[3, -24],
1.3203963490000001:[3, -24],
1.320607443:[3, -24],
1.3208101:[3, -24],
1.3210125480000001:[3, -24],
1.321212757:[3, -24],
1.321415204:[3, -24],
1.321618642:[3, -24],
1.321821454:[3, -24],
1.322024111:[3, -24],
1.3222265069999999:[3, -24],
1.32242682:[3, -24],
1.322629319:[3, -24],
1.322832913:[2, -24],
1.323035518:[2, -24],
1.323239112:[2, -24],
1.3234403110000001:[2, -24],
1.3236440090000001:[2, -24],
1.323844061:[2, -24],
1.324044737:[2, -24],
1.324247965:[2, -24],
1.324524891:[2, -24],
1.324728485:[2, -24],
1.324928589:[2, -24],
1.325132026:[2, -24],
1.325332755:[2, -23],
1.325536765:[2, -23],
1.325739942:[2, -23],
1.325942286:[2, -23],
1.326142442:[2, -23],
1.326473692:[2, -23],
1.326677442:[2, -23],
1.3268813480000001:[2, -23],
1.3270841610000002:[2, -23],
1.327287233:[2, -23],
1.327487546:[2, -23],
1.327691608:[2, -23],
1.327891868:[2, -23],
1.3280955140000001:[2, -23],
1.328297181:[2, -23],
1.328498745:[2, -23],
1.328699006:[2, -23],
1.328900568:[2, -23],
1.329100621:[2, -23],
1.329303017:[2, -23],
1.329506768:[2, -23],
1.3297107270000001:[2, -23],
1.329913331:[2, -23],
1.330117289:[2, -23],
1.330318018:[2, -23],
1.330521402:[2, -23],
1.330721663:[2, -23],
1.330925518:[2, -23],
1.331126038:[2, -23],
1.331329996:[2, -23],
1.331529996:[2, -23],
1.331730204:[2, -23],
1.3319304650000001:[2, -23],
1.3321311420000002:[2, -23],
1.332333902:[2, -23],
1.332537183:[2, -23],
1.332739683:[2, -23],
1.3329421830000001:[2, -23],
1.333142651:[2, -21],
1.333344318:[2, -21],
1.3335467140000001:[2, -21],
1.333750516:[2, -21],
1.333953276:[2, -21],
1.334155202:[2, -21],
1.334357233:[2, -21],
1.3345589:[2, -21],
1.334761557:[2, -21],
1.334963641:[2, -21],
1.335166662:[2, -21],
1.3353689530000001:[2, -21],
1.335569423:[2, -21],
1.335771455:[2, -21],
1.335973486:[2, -18],
1.336175778:[2, -18],
1.336376611:[2, -18],
1.3365791630000001:[2, -18],
1.336782965:[2, -18],
1.336985204:[2, -18],
1.3371877570000001:[2, -18],
1.337391142:[2, -18],
1.337592809:[2, -18],
1.337796664:[2, -18],
1.337996717:[2, -18],
1.338199269:[2, -18],
1.338401664:[2, -18],
1.33860432:[2, -18],
1.338806352:[2, -18],
1.339008644:[2, -18],
1.339211092:[2, -16],
1.3394147379999999:[2, -16],
1.339618591:[2, -16],
1.339818748:[2, -16],
1.34002156:[2, -16],
1.34022255:[2, -16],
1.340425154:[2, -16],
1.340628332:[2, -16],
1.340830572:[2, -16],
1.341032656:[2, -16],
1.341236042:[2, -16],
1.341439583:[2, -16],
1.341642448:[2, -16],
1.341845833:[2, -16],
1.342047292:[2, -16],
1.342249635:[2, -16],
1.342451198:[2, -16],
1.3426544790000001:[2, -16],
1.342857916:[2, -16],
1.343060624:[2, -16],
1.343263072:[2, -16],
1.343465468:[2, -16],
1.343667291:[2, -16],
1.343869322:[2, -16],
1.344071042:[2, -16],
1.344273022:[2, -16],
1.34447573:[2, -16],
1.344677396:[1, -16],
1.344879376:[1, -16],
1.345081929:[1, -16],
1.345283595:[1, -16],
1.34548573:[1, -16],
1.3456870840000001:[1, -16],
1.345887657:[1, -16],
1.346245938:[1, -16],
1.346449688:[1, -16],
1.34665323:[1, -16],
1.346856772:[1, -16],
1.347058959:[1, -16],
1.347260001:[1, -16],
1.347460626:[1, -15],
1.347664271:[1, -15],
1.347867032:[1, -15],
1.3480702610000002:[1, -15],
1.34827224:[1, -15],
1.348472448:[1, -15],
1.348675157:[1, -15],
1.348877552:[1, -15],
1.349079688:[1, -15],
1.349280366:[1, -15],
1.349482657:[1, -15],
1.349685938:[1, -15],
1.349888125:[1, -15],
1.350090677:[1, -15],
1.350292917:[1, -15],
1.350495208:[1, -15],
1.350697188:[1, -15],
1.350899219:[1, -12],
1.351101407:[1, -12],
1.351303125:[1, -12],
1.351505417:[1, -12],
1.351707084:[1, -12],
1.351909219:[1, -12],
1.3521200530000002:[1, -12],
1.352323854:[1, -12],
1.352524896:[1, -12],
1.352728179:[1, -12],
1.352929896:[1, -12],
1.353132917:[1, -12],
1.353334116:[1, -12],
1.353536668:[1, -12],
1.353738699:[1, -12],
1.353941042:[1, -12],
1.354142188:[1, -12],
1.354344115:[1, -10],
1.354545469:[1, -10],
1.35474875:[1, -10],
1.3549497910000001:[1, -10],
1.355153438:[1, -10],
1.355355677:[1, -10],
1.355557657:[1, -10],
1.3557591150000001:[1, -10],
1.355962761:[1, -10],
1.3561656260000001:[1, -10],
1.356366302:[1, -10],
1.356569947:[1, -10],
1.356773175:[1, -9],
1.356974737:[1, -9],
1.357178591:[1, -9],
1.357381145:[1, -9],
1.3575848430000002:[1, -9],
1.357788905:[1, -9],
1.357992759:[1, -9],
1.358194842:[1, -9],
1.358398385:[1, -9],
1.358601196:[1, -9],
1.358804269:[1, -9],
1.359006978:[1, -9],
1.359208748:[1, -9],
1.3594119770000002:[1, -9],
1.359615623:[1, -8],
1.359817655:[1, -8],
1.360022967:[1, -8],
1.3602244780000001:[1, -8],
1.36042828:[1, -8],
1.3606311450000002:[1, -8],
1.360831718:[1, -8],
1.361031978:[1, -8],
1.361234113:[1, -8],
1.361437603:[1, -8],
1.361639425:[1, -8],
1.361842395:[1, -8],
1.362044635:[1, -8],
1.36224755:[1, -8],
1.362449425:[1, -8],
1.362652082:[1, -8],
1.362854738:[1, -8],
1.363058228:[1, -8],
1.363260988:[1, -8],
1.363464217:[1, -8],
1.363666872:[1, -8],
1.363869893:[1, -8],
1.3640730699999999:[1, -8],
1.364276662:[1, -8],
1.364477704:[1, -8],
1.3646790069999999:[1, -8],
1.3648822360000001:[1, -8],
1.365085101:[1, -8],
1.365286142:[1, -8],
1.365487235:[1, -8],
1.365687756:[1, -8],
1.3658899450000002:[1, -8],
1.3662104130000001:[1, -7],
1.36641437:[1, -7],
1.366618016:[1, -7],
1.366821714:[1, -7],
1.367024631:[1, -7],
1.367226297:[1, -7],
1.367429995:[1, -7],
1.367630359:[1, -7],
1.367833744:[1, -7],
1.3680348900000001:[1, -7],
1.3682350460000001:[1, -7],
1.368435255:[1, -7],
1.3686374940000001:[1, -7],
1.368840359:[1, -7],
1.3690440050000001:[1, -7],
1.369247599:[1, -7],
1.3694490049999999:[1, -8],
1.369652026:[1, -8],
1.369854629:[1, -8],
1.370057026:[1, -8],
1.370259474:[1, -8],
1.3704614529999999:[1, -8],
1.370665151:[1, -8],
1.370867911:[1, -8],
1.371070673:[1, -8],
1.3712726:[1, -8],
1.3714751010000001:[1, -8],
1.371678538:[1, -8],
1.371881246:[1, -8],
1.372084424:[1, -8],
1.372287861:[1, -8],
1.372489267:[1, -8],
1.372691715:[1, -8],
1.372893381:[1, -8],
1.373095673:[1, -8],
1.373297288:[1, -8],
1.37349984:[1, -8],
1.373702028:[1, -8],
1.373904788:[1, -8],
1.37410609:[1, -8],
1.374308278:[1, -8],
1.374511091:[1, -8],
1.374713435:[1, -8],
1.3749148930000001:[1, -8],
1.3751151:[1, -8],
1.375315569:[1, -8],
1.37551635:[1, -8],
1.375717444:[1, -8],
1.37591807:[1, -8],
1.376120361:[1, -8],
1.37632182:[1, -8],
1.376522862:[1, -8],
1.376725725:[1, -8],
1.376927495:[1, -8],
1.377129266:[1, -8],
1.377329995:[1, -8],
1.377532129:[1, -8],
1.377735254:[1, -8],
1.377938535:[1, -8],
1.378140567:[1, -8],
1.378343483:[1, -8],
1.3785459310000001:[1, -8],
1.378749993:[1, -8],
1.378952025:[1, -8],
1.379154785:[1, -8],
1.379357233:[1, -8],
1.3795592650000001:[1, -8],
1.3797629630000001:[1, -8],
1.379964994:[1, -8],
1.380166714:[1, -8],
1.380369004:[1, -8],
1.3805717130000001:[1, -8],
1.380775671:[1, -8],
1.380978744:[1, -8],
1.3811806180000001:[1, -8],
1.381381712:[1, -8],
1.381584211:[1, -8],
1.381787492:[1, -8],
1.381989939:[1, -8],
1.3821933770000001:[1, -8],
1.382396814:[1, -8],
1.382600407:[1, -8],
1.382802595:[1, -8],
1.383006397:[1, -8],
1.383208116:[1, -8],
1.38341145:[0, -8],
1.3836144190000002:[0, -8],
1.383815722:[0, -8],
1.384016816:[0, -8],
1.384218171:[0, -8],
1.384419681:[0, -8],
1.384620202:[0, -8],
1.384820723:[0, -8],
1.385021088:[0, -8],
1.385222494:[0, -8],
1.385424421:[0, -8],
1.3858849420000001:[0, -6],
1.386288328:[0, -6],
1.386490255:[0, -6],
1.386691348:[0, -6],
1.3868945780000002:[0, -6],
1.387096036:[0, -6],
1.3872986919999999:[0, -6],
1.3875003590000001:[0, -6],
1.387703953:[0, -6],
1.387905359:[0, -6],
1.38810588:[0, -6],
1.3883077560000001:[0, -7],
1.388511192:[0, -7],
1.388713172:[0, -7],
1.3889157760000002:[0, -7],
1.389116504:[0, -7],
1.389318065:[0, -7],
1.389519835:[0, -7],
1.389722649:[0, -7],
1.3899264:[0, -7],
1.390128431:[0, -7],
1.390331399:[0, -7],
1.390533379:[0, -7],
1.390736296:[0, -7],
1.390938484:[0, -7],
1.391141348:[0, -7],
1.391341713:[0, -7],
1.391544995:[0, -7],
1.391747756:[0, -7],
1.391995464:[0, -7],
1.392196558:[0, -7],
1.392400464:[0, -7],
1.392602444:[0, -7],
1.392805152:[0, -7],
1.393006819:[0, -7],
1.393208798:[0, -7],
1.393411454:[0, -7],
1.393612652:[0, -7],
1.393814579:[0, -7],
1.394016871:[0, -7],
1.394218642:[0, -7],
1.39442156:[0, -7],
1.394623383:[0, -7],
1.3948266120000001:[0, -7],
1.395029841:[0, -7],
1.395233487:[0, -7],
1.395435726:[0, -7],
1.395637392:[0, -7],
1.395839215:[0, -7],
1.396043226:[0, -7],
1.396244736:[0, -7],
1.396446402:[0, -7],
1.396648538:[0, -7],
1.396850465:[0, -7],
1.397052652:[0, -7],
1.39725437:[0, -7],
1.397456453:[0, -7],
1.397658224:[0, -7],
1.3978606199999999:[0, -7],
1.398061505:[0, -7],
1.398263797:[0, -7],
1.3984662970000001:[0, -8],
1.398666922:[0, -8],
1.398868641:[0, -8],
1.3990725990000001:[0, -8],
1.399275828:[0, -8],
1.3994790049999999:[0, -8],
1.399682442:[0, -8],
1.399891297:[0, -8],
1.400092391:[0, -8],
1.400295516:[0, -8],
1.400496974:[0, -8],
1.400700047:[0, -8],
1.40090265:[0, -8],
1.401106504:[0, -8],
1.4013078060000002:[0, -8],
1.401508275:[0, -8],
1.401710307:[0, -8],
1.401911817:[0, -8],
1.402114421:[0, -8],
1.402316088:[0, -8],
1.402517287:[0, -8],
1.402719005:[0, -8],
1.402921557:[0, -8],
1.403124267:[0, -8],
1.403325881:[0, -8],
1.4035286930000002:[0, -8],
1.403732599:[0, -8],
1.403932651:[0, -8],
1.404136037:[0, -8],
1.404338589:[0, -8],
1.404539787:[0, -8],
1.404742027:[0, -8],
1.4049434330000001:[0, -8],
1.40514635:[0, -8],
1.405347757:[0, -8],
1.40554984:[0, -8],
1.405750466:[0, -8],
1.405951248:[0, -8],
1.406261977:[0, -8],
1.4064656229999999:[0, -8],
1.406665831:[0, -8],
1.4068676020000002:[0, -8],
1.407071352:[0, -8],
1.407273123:[0, -8],
1.407473801:[0, -8],
1.407675884:[0, -9],
1.407914322:[0, -9],
1.408117446:[0, -9],
1.4083208310000002:[0, -9],
1.4085248940000001:[0, -9],
1.408725675:[0, -9],
1.408927135:[0, -9],
1.409130052:[0, -9],
1.409331093:[0, -9],
1.409534427:[0, -9],
1.409735207:[0, -9],
1.409937239:[0, -9],
1.4101394250000001:[0, -9],
1.410339842:[0, -9],
1.410541718:[0, -11],
1.410745521:[0, -11],
1.410947604:[0, -11],
1.411149792:[0, -11],
1.411352708:[0, -11],
1.411554635:[0, -11],
1.411756562:[0, -11],
1.411956614:[0, -11],
1.412159427:[0, -11],
1.412362083:[0, -11],
1.412564895:[0, -11],
1.412768177:[0, -11],
1.41297052:[0, -11],
1.41317375:[0, -11],
1.413375363:[0, -11],
1.413578802:[0, -11],
1.413781147:[0, -11],
1.413983856:[0, -11],
1.414186355:[0, -11],
1.414389375:[0, -11],
1.414591614:[0, -11],
1.414793489:[0, -11],
1.414995989:[0, -11],
1.415197604:[0, -11],
1.415399687:[0, -11],
1.415602187:[0, -11],
1.415822708:[0, -15],
1.4160231250000002:[0, -15],
1.416226459:[0, -15],
1.4164283850000001:[0, -15],
1.416631354:[0, -15],
1.416832032:[0, -15],
1.417034427:[0, -15],
1.417234531:[0, -15],
1.4174360940000001:[0, -15],
1.417638594:[0, -15],
1.417842657:[0, -15],
1.418045365:[0, -15],
1.418249323:[0, -16],
1.418450989:[0, -16],
1.418654011:[0, -16],
1.418856355:[0, -16],
1.419058698:[0, -16],
1.4192604690000001:[0, -16],
1.419461353:[0, -16],
1.419663124:[0, -16],
1.419866614:[0, -16],
1.420068802:[0, -16],
1.420270988:[0, -16],
1.42047302:[0, -16],
1.420675051:[0, -16],
1.420877187:[0, -16],
1.4210799490000001:[0, -16],
1.4212802610000002:[0, -16],
1.4214806260000001:[0, -16],
1.421684637:[0, -19],
1.421887657:[0, -19],
1.422089688:[0, -19],
1.4222925530000001:[0, -19],
1.422496043:[0, -19],
1.422698387:[0, -19],
1.422900522:[0, -19],
1.423103179:[0, -19],
1.423304794:[0, -19],
1.423507972:[0, -19],
1.423737033:[0, -19],
1.423938492:[0, -19],
1.42413995:[0, -19],
1.424341565:[0, -19],
1.424542451:[-1, -22],
1.42474594:[-1, -22],
1.424949013:[-1, -22],
1.425151773:[-1, -22],
1.4253552630000001:[-1, -22],
1.425556356:[-1, -22],
1.425757034:[-1, -22],
1.425960367:[-1, -22],
1.426268753:[-1, -22],
1.426471982:[-1, -22],
1.426672607:[-1, -22],
1.4268764090000001:[-1, -22],
1.4270779710000001:[-1, -22],
1.427278023:[-1, -22],
1.427480991:[-1, -24],
1.4276852610000001:[-1, -24],
1.427960834:[-1, -24],
1.428164063:[-1, -24],
1.428367189:[-1, -24],
1.4285681270000001:[-1, -24],
1.4287709400000002:[-1, -24],
1.428972398:[-1, -24],
1.429176148:[-1, -24],
1.429376616:[-1, -24],
1.4295779180000001:[-1, -24],
1.429779846:[-1, -24],
1.429979897:[-1, -27],
1.430180054:[-1, -27],
1.430380784:[-1, -27],
1.430584846:[-1, -27],
1.430785836:[-1, -27],
1.430986252:[-1, -27],
1.431187139:[-1, -27],
1.431390368:[-1, -27],
1.431591462:[-1, -27],
1.4317930250000002:[-1, -27],
1.431993597:[-1, -27],
1.432194169:[-1, -27],
1.43239818:[-1, -28],
1.432602191:[-1, -28],
1.432802294:[-1, -28],
1.433002555:[-1, -28],
1.433206149:[-1, -28],
1.433410264:[-1, -28],
1.433614223:[-1, -28],
1.433815942:[-1, -28],
1.434019952:[-1, -28],
1.434223806:[-1, -28],
1.4344242230000002:[-1, -28],
1.434625993:[-1, -28],
1.434826409:[-1, -28],
1.435030002:[-1, -28],
1.435230523:[-1, -31],
1.435433909:[-1, -31],
1.43563792:[-1, -31],
1.435838546:[-1, -31],
1.43604167:[-1, -31],
1.436245263:[-1, -31],
1.436449117:[-1, -31],
1.43665292:[-1, -31],
1.436856618:[-1, -31],
1.437060575:[-1, -31],
1.437263909:[-1, -31],
1.437467816:[-1, -31],
1.437671045:[-1, -31],
1.437874952:[-1, -31],
1.438078597:[-1, -31],
1.438279222:[-2, -34],
1.438483233:[-2, -34],
1.43868391:[-2, -34],
1.438887347:[-2, -34],
1.43908865:[-2, -34],
1.439292452:[-2, -34],
1.439493389:[-2, -34],
1.439694588:[-2, -34],
1.439896046:[-2, -34],
1.440099171:[-2, -34],
1.4403001610000001:[-2, -34],
1.440501463:[-2, -34],
1.440702347:[-2, -34],
1.4409057330000001:[-2, -34],
1.441107607:[-2, -37],
1.441307763:[-2, -37],
1.441511773:[-2, -37],
1.441714846:[-2, -37],
1.441918544:[-2, -37],
1.442122085:[-2, -37],
1.442325367:[-2, -37],
1.442529326:[-2, -37],
1.442729431:[-2, -37],
1.442932971:[-2, -37],
1.443133492:[-2, -37],
1.4433372420000001:[-2, -37],
1.443537502:[-2, -37],
1.443741668:[-2, -38],
1.443944377:[-2, -38],
1.444145732:[-2, -38],
1.444347347:[-2, -38],
1.444548857:[-2, -38],
1.4447489610000002:[-2, -38],
1.444951616:[-2, -38],
1.445155106:[-2, -38],
1.445357867:[-2, -38],
1.445561095:[-2, -38],
1.445763648:[-2, -38],
1.44609245:[-2, -38],
1.446292554:[-2, -38],
1.446495315:[-2, -38],
1.446696981:[-2, -38],
1.446897085:[-2, -40],
1.447098178:[-2, -40],
1.447312555:[-2, -40],
1.4478606790000002:[-2, -40],
1.448224898:[-2, -40],
1.448574741:[-2, -40],
1.448924482:[-2, -40],
1.449276044:[-3, -39],
1.4496247420000001:[-3, -39],
1.449976253:[-3, -39],
1.450323648:[-3, -39],
1.450670523:[-3, -39],
1.451025003:[-3, -39],
1.45137344:[-3, -39],
1.4517231800000001:[-3, -41],
1.452167295:[-3, -41],
1.452525577:[-3, -41],
1.452882296:[-3, -41],
1.453241359:[-3, -41],
1.45359688:[-3, -41],
1.45395537:[-3, -41],
1.454311308:[-3, -41],
1.454666778:[-3, -41],
1.45502433:[-3, -43],
1.455383289:[-3, -43],
1.455739956:[-3, -43],
1.456153133:[-3, -43],
1.456501728:[-3, -43],
1.4568496450000001:[-3, -43],
1.4572029770000001:[-3, -41],
1.4575531860000002:[-3, -41],
1.457912925:[-3, -41],
1.4582650080000001:[-3, -41],
1.458614539:[-3, -41],
1.458962143:[-3, -41],
1.4593114150000002:[-3, -41],
1.459659955:[-3, -41],
1.460008028:[-3, -41],
1.460370476:[-3, -41],
1.4607278190000001:[-3, -41],
1.461088289:[-3, -41],
1.461447925:[-3, -41],
1.461805528:[-3, -41],
1.462160788:[-3, -41],
1.462517143:[-4, -40],
1.462873758:[-4, -40],
1.463231987:[-4, -40],
1.463587715:[-4, -40],
1.463944694:[-4, -40],
1.4643588090000002:[-4, -40],
1.464712768:[-4, -40],
1.4650615710000001:[-4, -40],
1.4654131860000001:[-4, -40],
1.465764906:[-4, -40],
1.466111259:[-4, -40],
1.466457821:[-4, -40],
1.466807248:[-4, -40],
1.4678866240000001:[-4, -40],
1.46828881:[-4, -37],
1.4686437570000002:[-4, -37],
1.469006205:[-4, -37],
1.46949959:[-4, -37],
1.469900215:[-4, -37],
1.470275476:[-4, -37],
1.470639384:[-4, -37],
1.470998134:[-4, -37],
1.471359852:[-4, -37],
1.471720112:[-5, -19],
1.472078862:[-5, -19],
1.472439748:[-5, -19],
1.47279678:[-5, -19],
1.473154749:[-5, -19],
1.473503969:[-5, -19],
1.473853447:[-5, -19],
1.474203343:[-5, -19],
1.474552146:[-5, -25],
1.474900115:[-5, -25],
1.475247615:[-5, -25],
1.475597458:[-5, -25],
1.47594475:[-5, -25],
1.476294437:[-5, -25],
1.476641313:[-5, -25],
1.476988395:[-5, -25],
1.4774540200000001:[-5, -34],
1.477820895:[-5, -34],
1.4781789170000001:[-5, -34],
1.478541156:[-5, -34],
1.478898083:[-5, -34],
1.4792541780000001:[-5, -34],
1.479616521:[-5, -34],
1.479972614:[-5, -34],
1.480331155:[-5, -34],
1.480686885:[-5, -34],
1.481043865:[-5, -34],
1.481402823:[-5, -34],
1.481754543:[-5, -34],
1.482110271:[-5, -19],
1.48246871:[-5, -19],
1.482824283:[-5, -19],
1.483180846:[-5, -19],
1.48353871:[-5, -19],
1.483894387:[-5, -19],
1.484252512:[-5, -19],
1.484609335:[-5, -19],
1.484968763:[-5, -19],
1.485326626:[-5, -10],
1.485684075:[-5, -10],
1.486032877:[-5, -10],
1.486388762:[-5, -10],
1.486743084:[-5, -10],
1.4870972:[-5, -10],
1.487453033:[-5, -10],
1.487805743:[-5, 3],
1.488159805:[-5, 3],
1.48872569:[-5, 3],
1.489086576:[-5, 3],
1.4894456900000002:[-5, 3],
1.489798295:[-5, 3],
1.49016116:[-5, 3],
1.490525952:[-5, 3],
1.4908796500000001:[-5, 3],
1.491235899:[-5, 3],
1.49159064:[-5, 3],
1.491944911:[-5, 3],
1.492299442:[-5, 3],
1.492651942:[-5, 3],
1.493004911:[-5, 3],
1.49336163:[-5, 3],
1.493714807:[-5, 3],
1.494067619:[-5, 3],
1.494418505:[-5, 3],
1.49476991:[-5, 0],
1.49512142:[-5, 0],
1.495474701:[-5, 0],
1.495826055:[-5, 0],
1.496180378:[-5, 0],
1.496531107:[-5, 0],
1.496881785:[-5, 0],
1.497235377:[-5, 0],
1.497587877:[-5, 0],
1.497941471:[-5, 0],
1.498292149:[-5, 0],
1.498636992:[-5, 0],
1.49899043:[-5, 0],
1.4993416800000001:[-5, 0],
1.499694389:[-5, 7],
1.5000534509999999:[-5, 7],
1.500421056:[-5, 7],
1.500774494:[-5, 7],
1.5011291290000002:[-5, 7],
1.501484598:[-5, 7],
1.5018391819999999:[-5, 7],
1.502195431:[-5, 7],
1.5025429840000002:[-5, 7],
1.502901213:[-5, 7],
1.503254025:[-5, 7],
1.503606057:[-5, 7],
1.503959338:[-5, 7],
1.504311317:[-5, 7],
1.5046652740000002:[-5, 7],
1.5050218370000001:[-5, 7],
1.505376368:[-5, 7],
1.5057292320000002:[-5, 7],
1.506085117:[-5, 7],
1.506439022:[-5, 7],
1.506872876:[-5, 14],
1.507229074:[-5, 14],
1.507579908:[-5, 14],
1.5079328250000001:[-5, 14],
1.508286939:[-5, 14],
1.5086363139999999:[-5, 14],
1.508991471:[-5, 14],
1.509343294:[-5, 14],
1.509897929:[-5, 14],
1.510257668:[-5, 14],
1.510611992:[-5, 14],
1.510966419:[-5, 14],
1.5114039190000002:[-5, 14],
1.5117831879999999:[-5, 14],
1.512165949:[-5, 14],
1.512524906:[-5, 14],
1.512877666:[-5, 14],
1.5132318850000002:[-5, 14],
1.513590792:[-5, 14],
1.513947354:[-5, 14],
1.514302615:[-5, 14],
1.51465574:[-5, 14],
1.5150091780000001:[-5, 14],
1.515472199:[-5, 14],
1.515830533:[-5, 14],
1.5161850650000002:[-5, 14],
1.516542773:[-5, 19],
1.516895169:[-5, 19],
1.517247356:[-5, 19],
1.517603242:[-5, 19],
1.5179561060000002:[-5, 19],
1.518312929:[-5, 19],
1.518665117:[-5, 19],
1.519017409:[-5, 19],
1.5193715760000002:[-5, 19],
1.519721003:[-5, 19],
1.520072305:[-5, 19],
1.520427358:[-5, 19],
1.520779805:[-5, 19],
1.521132514:[-5, 19],
1.521486681:[-5, 19],
1.521840744:[-5, 19],
1.5221949110000002:[-4, 23],
1.522551006:[-4, 23],
1.522904496:[-4, 23],
1.5232595990000002:[-4, 23],
1.523615224:[-4, 23],
1.5240339729999999:[-4, 23],
1.5243935560000001:[-4, 23],
1.524750899:[-4, 23],
1.525104753:[-4, 23],
1.525459232:[-4, 23],
1.525811888:[-4, 23],
1.526168764:[-4, 23],
1.526521993:[-4, 23],
1.526875326:[-4, 23],
1.5272314200000001:[-4, 23],
1.527591003:[-4, 23],
1.528006472:[-4, 23],
1.528363347:[-4, 23],
1.5287139710000002:[-4, 29],
1.52906944:[-4, 29],
1.5294230340000001:[-4, 29],
1.529777304:[-4, 29],
1.5301319910000002:[-4, 29],
1.5304870959999999:[-4, 29],
1.53105272:[-4, 29],
1.531416627:[-4, 29],
1.5317734490000001:[-4, 29],
1.532132461:[-4, 29],
1.532485793:[-4, 29],
1.5328496999999999:[-4, 32],
1.5332068360000002:[-4, 32],
1.533566263:[-4, 32],
1.5339199620000001:[-4, 32],
1.5342768900000001:[-4, 32],
1.5346351710000001:[-4, 32],
1.534992098:[-4, 32],
1.535347722:[-4, 32],
1.535701993:[-4, 32],
1.5360556390000002:[-4, 32],
1.5364927220000002:[-4, 32],
1.536852357:[-4, 32],
1.5372064710000002:[-4, 32],
1.537563607:[-4, 32],
1.537918346:[-4, 32],
1.538274023:[-3, 36],
1.538627408:[-3, 36],
1.538979856:[-3, 36],
1.5393357939999999:[-3, 36],
1.53969569:[-3, 36],
1.540048243:[-3, 36],
1.540402097:[-3, 36],
1.5408191279999999:[-3, 36],
1.541178764:[-3, 36],
1.541533087:[-3, 36],
1.5418851180000002:[-3, 36],
1.5422404809999999:[-3, 36],
1.5426004290000002:[-3, 36],
1.542963189:[-3, 36],
1.543317928:[-3, 40],
1.543673137:[-3, 40],
1.544026678:[-3, 40],
1.544381521:[-3, 40],
1.544733865:[-3, 40],
1.5450826659999999:[-3, 40],
1.545441625:[-3, 40],
1.545794437:[-3, 40],
1.546149489:[-3, 40],
1.546502771:[-3, 40],
1.5468557920000001:[-3, 40],
1.5472138659999999:[-2, 42],
1.547572616:[-2, 42],
1.5479277200000001:[-2, 42],
1.548286835:[-2, 42],
1.548639126:[-2, 42],
1.5489858970000001:[-2, 42],
1.549342511:[-2, 42],
1.549692354:[-2, 42],
1.550046054:[-2, 42],
1.5503965750000002:[-2, 42],
1.55075121:[-2, 42],
1.551103711:[-2, 42],
1.551454909:[-2, 42],
1.551807305:[-2, 44],
1.552364754:[-2, 44],
1.5527224099999999:[-2, 44],
1.553079233:[-2, 44],
1.553500118:[-2, 44],
1.5538572030000002:[-2, 44],
1.554227776:[-2, 44],
1.554605223:[-2, 44],
1.554968922:[-2, 44],
1.555322516:[-2, 44],
1.555676943:[-2, 44],
1.556029443:[-2, 44],
1.556384443:[-2, 44],
1.5567376190000002:[-2, 44],
1.557095327:[-2, 44],
1.557451473:[-2, 44],
1.557910222:[-1, 43],
1.55826392:[-1, 43],
1.5586172:[-1, 43],
1.5589753769999999:[-1, 43],
1.5593348040000001:[-1, 43],
1.559692773:[-1, 43],
1.560047356:[-1, 43],
1.560404492:[-1, 43],
1.5607566259999999:[-1, 43],
1.5611126149999999:[-1, 43],
1.561469647:[-1, 43],
1.561819075:[-1, 43],
1.562171626:[-1, 43],
1.562526418:[-1, 43],
1.56287949:[-1, 46],
1.563233032:[-1, 46],
1.563587252:[-1, 46],
1.563939647:[-1, 46],
1.564294751:[-1, 46],
1.564646626:[-1, 46],
1.564999334:[-1, 46],
1.56535548:[-1, 46],
1.565713866:[-1, 46],
1.5660614700000002:[-1, 46],
1.56641897:[-1, 46],
1.566778814:[-1, 46],
1.567140689:[-1, 46],
1.567527982:[0, 44],
1.5678975130000001:[0, 44],
1.568306835:[0, 44],
1.568691053:[0, 44],
1.569043084:[0, 44],
1.569392354:[0, 44],
1.569743656:[0, 44],
1.570181522:[0, 44],
1.5705374600000002:[0, 44],
1.570888606:[0, 44],
1.5712369910000001:[0, 44],
1.571589751:[0, 44],
1.571938033:[0, 44],
1.5722848040000001:[0, 38],
1.572637044:[0, 38],
1.572983763:[0, 38],
1.5736514700000002:[0, 38],
1.57401423:[0, 38],
1.574368189:[0, 38],
1.574715429:[0, 38],
1.575067929:[0, 38],
1.575430273:[0, 38],
1.57578345:[0, 38],
1.5761351160000001:[0, 38],
1.576491783:[0, 38],
1.576842669:[0, 38],
1.577195794:[0, 38],
1.57754746:[0, 30],
1.577897928:[0, 30],
1.578251:[0, 30],
1.578600636:[0, 30],
1.579047249:[0, 30],
1.5793908939999999:[0, 30],
1.5797345919999999:[0, 30],
1.580077769:[0, 30],
1.580424957:[0, 30],
1.5807649060000002:[1, 22],
1.581110168:[1, 22],
1.5814511580000001:[1, 22],
1.581795116:[1, 22],
1.582144075:[1, 22],
1.5824972000000002:[1, 22],
1.5830041270000001:[1, 22],
1.5833989700000002:[1, 22],
1.583789074:[1, 22],
1.584140949:[1, 22],
1.5844904290000001:[1, 22],
1.5848685530000002:[1, 22],
1.58522772:[1, 22],
1.5855846470000001:[1, 22],
1.585939648:[1, 22],
1.5863221470000002:[1, 16],
1.5866769390000002:[1, 16],
1.5870265749999999:[1, 16],
1.587419803:[1, 16],
1.587773813:[1, 16],
1.588126677:[1, 16],
1.588475375:[1, 16],
1.5888257399999999:[1, 16],
1.589212928:[1, 16],
1.589571677:[1, 16],
1.58992475:[1, 16],
1.59027402:[1, 16],
1.590625479:[1, 16],
1.590974802:[1, 16],
1.591314125:[1, 16],
1.591656886:[1, 16],
1.591997095:[1, 16],
1.5923377200000002:[1, 16],
1.5926811060000001:[1, 13],
1.5930245950000002:[1, 13],
1.593370637:[1, 13],
1.593712094:[1, 13],
1.594053709:[1, 13],
1.594636678:[1, 13],
1.594979594:[1, 13],
1.5959223009999999:[1, 13],
1.596327666:[1, 13],
1.596690062:[1, 13],
1.5970581350000002:[1, 15],
1.597436104:[1, 15],
1.597799178:[1, 15],
1.598153138:[1, 15],
1.598505743:[1, 15],
1.598858971:[1, 15],
1.59921543:[1, 15],
1.599568034:[1, 15],
1.599914389:[1, 15],
1.6002581390000001:[1, 15],
1.60060366:[1, 15],
1.600943191:[1, 15],
1.601285534:[1, 15],
1.6016258460000001:[1, 15],
1.601975221:[1, 15],
1.6023160029999999:[1, 15],
1.60266043:[1, 17],
1.603002305:[1, 17],
1.603342773:[1, 17],
1.6036860540000002:[1, 17],
1.604157044:[1, 17],
1.6045105849999999:[1, 17],
1.604867513:[1, 17],
1.6052230870000002:[1, 17],
1.605575066:[1, 17],
1.6059262630000002:[1, 17],
1.606277774:[1, 17],
1.606626836:[1, 17],
1.606977202:[1, 17],
1.607325796:[1, 17],
1.607677255:[1, 17],
1.6080263700000001:[1, 17],
1.608373765:[1, 17],
1.608726162:[2, 20],
1.609077411:[2, 20],
1.609427464:[2, 20],
1.609776214:[2, 20],
1.610124652:[2, 20],
1.610475746:[2, 20],
1.610826423:[2, 20],
1.6111763190000001:[2, 20],
1.611530643:[2, 20],
1.611878299:[2, 20],
1.612303871:[2, 20],
1.61266309:[2, 20],
1.6130098080000002:[2, 20],
1.613361319:[2, 20],
1.613709756:[2, 20],
1.614058402:[2, 20],
1.614407933:[2, 20],
1.614757569:[2, 20],
1.615107464:[2, 20],
1.61545439:[2, 20],
1.616033452:[2, 20],
1.61638491:[2, 20],
1.616729754:[2, 20],
1.617083192:[2, 20],
1.617433921:[2, 20],
1.617789754:[2, 20],
1.618142462:[2, 20],
1.618492359:[2, 20],
1.61884267:[2, 20],
1.619191941:[2, 20],
1.619543973:[2, 18],
1.619892828:[2, 18],
1.6202446510000001:[2, 18],
1.620599651:[2, 18],
1.6209497019999999:[2, 18],
1.621305484:[2, 18],
1.621654442:[2, 18],
1.622005588:[2, 18],
1.622357203:[2, 18],
1.622710381:[2, 18],
1.623062048:[2, 18],
1.6234136110000001:[2, 18],
1.623777099:[2, 16],
1.6242055880000001:[2, 16],
1.624552567:[2, 16],
1.624942828:[2, 16],
1.62528637:[2, 16],
1.625626005:[2, 16],
1.625968609:[2, 16],
1.626308713:[2, 16],
1.626648818:[2, 16],
1.627002101:[2, 16],
1.627341789:[2, 16],
1.627691475:[2, 16],
1.6280318390000001:[2, 16],
1.628375903:[2, 16],
1.628717102:[2, 16],
1.629065904:[3, 14],
1.629409548:[3, 14],
1.629749965:[3, 14],
1.630089861:[3, 14],
1.630431528:[3, 14],
1.630771841:[3, 14],
1.631112311:[3, 14],
1.631452624:[3, 14],
1.631791636:[3, 14],
1.632132677:[3, 14],
1.632474084:[3, 14],
1.632815125:[3, 14],
1.633162261:[3, 14],
1.6335031990000002:[3, 11],
1.633851742:[3, 11],
1.634194399:[3, 11],
1.634536066:[3, 11],
1.634875181:[3, 11],
1.6352135140000001:[3, 11],
1.635558462:[3, 11],
1.6358998690000002:[3, 11],
1.63624315:[3, 11],
1.6368183570000001:[3, 11],
1.637169606:[3, 11],
1.637520387:[3, 11],
1.637862522:[3, 11],
1.6382044480000002:[3, 11],
1.638552314:[3, 11],
1.638908408:[3, 13],
1.6392691369999999:[3, 13],
1.639632576:[3, 13],
1.6399800230000001:[3, 13],
1.640323148:[3, 13],
1.640665491:[3, 13],
1.6410117940000002:[3, 13],
1.641480283:[3, 13],
1.64182169:[3, 13],
1.642162471:[3, 13],
1.642502366:[3, 13],
1.642843198:[3, 13],
1.643183406:[3, 13],
1.6435233020000002:[3, 13],
1.643870074:[3, 13],
1.6442105420000002:[3, 14],
1.644555438:[3, 14],
1.644895282:[3, 14],
1.645234135:[3, 14],
1.645580801:[3, 14],
1.645921842:[3, 14],
1.6462631970000001:[3, 14],
1.646605905:[3, 14],
1.646945021:[3, 14],
1.647287313:[3, 14],
1.647627:[3, 14],
1.647967417:[3, 14],
1.648306948:[3, 16],
1.648649292:[3, 16],
1.64899023:[3, 16],
1.649328772:[3, 16],
1.649686897:[3, 16],
1.6500365330000002:[3, 16],
1.6503904390000002:[3, 16],
1.650744554:[3, 16],
1.651093251:[3, 16],
1.651446481:[3, 16],
1.651797106:[3, 16],
1.652146377:[3, 16],
1.6524985650000001:[3, 16],
1.6528538240000001:[3, 16],
1.6532066360000002:[3, 16],
1.6536212190000001:[3, 16],
1.653979657:[3, 16],
1.6543295530000002:[3, 17],
1.654682417:[3, 17],
1.655029396:[3, 17],
1.655379084:[3, 17],
1.6557261680000002:[3, 17],
1.6560773659999999:[3, 17],
1.656429813:[3, 17],
1.656779344:[3, 17],
1.657129343:[3, 17],
1.657798718:[3, 17],
1.658140853:[3, 17],
1.658493146:[3, 17],
1.658843823:[3, 17],
1.65919601:[3, 17],
1.659553249:[4, 21],
1.659905071:[4, 21],
1.660256685:[4, 21],
1.660607049:[4, 21],
1.660956007:[4, 21],
1.661306631:[4, 21],
1.661656475:[4, 21],
1.662007464:[4, 21],
1.662441735:[4, 21],
1.662792048:[4, 21],
1.6631431939999999:[4, 21],
1.663499131:[4, 21],
1.663848351:[4, 21],
1.6642005910000002:[4, 21],
1.664553143:[4, 30],
1.6649031440000002:[4, 30],
1.665258664:[4, 30],
1.665606477:[4, 30],
1.665956373:[4, 30],
1.666369864:[4, 30],
1.666719863:[4, 30],
1.6670715820000002:[4, 30],
1.667423405:[4, 30],
1.667776009:[4, 30],
1.6681246550000002:[4, 30],
1.668504707:[4, 30],
1.668858457:[4, 40],
1.6692135600000002:[4, 40],
1.669566997:[4, 40],
1.669918507:[4, 40],
1.6702687150000002:[4, 40],
1.6706145490000002:[4, 40],
1.6709689760000002:[4, 40],
1.671322101:[4, 40],
1.671704497:[4, 40],
1.672059757:[4, 40],
1.672410433:[4, 40],
1.672761058:[4, 40],
1.673111682:[4, 40],
1.673461109:[4, 40],
1.673811577:[5, 32],
1.6741613690000001:[5, 32],
1.674509389:[5, 32],
1.674859545:[5, 32],
1.675208503:[5, 32],
1.6755570450000001:[5, 32],
1.6759070980000002:[5, 32],
1.6762572530000002:[5, 32],
1.676610275:[5, 32],
1.676958816:[5, 32],
1.6773052750000002:[5, 32],
1.677658347:[5, 32],
1.678006473:[5, 32],
1.6786540250000002:[5, 12],
1.679011942:[5, 12],
1.679370692:[5, 12],
1.679724234:[5, 12],
1.680075849:[5, 12],
1.680429391:[5, 12],
1.680791318:[5, 12],
1.6811643900000002:[5, 12],
1.681614755:[5, 12],
1.682064391:[5, 12],
1.6824271510000002:[5, 12],
1.6827859:[5, 12],
1.683133816:[5, 12],
1.683475638:[5, 12],
1.683818033:[5, 12],
1.684158814:[5, 12],
1.6845018870000001:[5, 12],
1.684846002:[5, 12],
1.685186001:[5, 4],
1.68552772:[5, 4],
1.6858690219999999:[5, 4],
1.686212461:[5, 4],
1.6865521490000002:[5, 4],
1.68689715:[5, 4],
1.687355795:[5, 4],
1.687708452:[5, 4],
1.688057307:[5, 4],
1.688407827:[5, 4],
1.688756316:[5, 4],
1.6891054840000002:[5, 4],
1.68945913:[5, 4],
1.689805796:[5, 4],
1.690156473:[5, 4],
1.690504599:[5, 4],
1.690853297:[5, 4],
1.6912046520000001:[5, 4],
1.691553246:[5, 4],
1.691901423:[5, 4],
1.692255591:[5, 4],
1.692605279:[5, 4],
1.692956528:[5, 4],
1.69330684:[5, 4],
1.693653246:[5, 4],
1.69400434:[5, 4],
1.694351737:[5, 4],
1.69469981:[5, 0],
1.69504856:[5, 0],
1.695397206:[5, 0],
1.6958163220000002:[5, 0],
1.696166114:[5, 0],
1.6965129380000001:[5, 0],
1.696864552:[5, 0],
1.697212782:[5, 0],
1.697558407:[5, 0],
1.697906271:[5, 0],
1.6982535109999999:[5, 0],
1.698613771:[5, 0],
1.69896924:[5, 0],
1.699317938:[5, 0],
1.699959239:[5, 0],
1.700318771:[5, 0],
1.7006723639999999:[5, 0],
1.701029813:[5, 0],
1.7013869490000002:[5, 0],
1.7017408550000002:[5, 0],
1.702101949:[5, 0],
1.702452573:[5, 0],
1.702813509:[5, 0],
1.7031681440000002:[5, 0],
1.703523926:[5, 0],
1.703876738:[5, 0],
1.7042806430000002:[5, 2],
1.704639706:[5, 2],
1.7049914240000001:[5, 2],
1.705343352:[5, 2],
1.705694446:[5, 2],
1.706045332:[5, 2],
1.706394343:[5, 2],
1.706749603:[5, 2],
1.707098249:[5, 2],
1.7074487180000002:[5, 2],
1.707802677:[5, 2],
1.7082315829999999:[5, 2],
1.708580021:[5, 2],
1.7089204370000002:[5, 2],
1.7092635610000002:[5, 2],
1.709607885:[5, 2],
1.709950228:[5, 2],
1.71029528:[5, 2],
1.71064304:[5, 2],
1.710982674:[5, 2],
1.7113249650000002:[5, 2],
1.711667571:[5, 2],
1.712007102:[5, 2],
1.7123640820000001:[5, 2],
1.712716322:[5, 2],
1.7130652290000001:[5, 2],
1.713418875:[5, 2],
1.713766896:[5, 2],
1.714117104:[5, 5],
1.714466636:[5, 5],
1.7148155420000002:[5, 5],
1.715168979:[5, 5],
1.7155178850000001:[5, 5],
1.715870177:[5, 5],
1.716217885:[5, 5],
1.7165572070000001:[5, 5],
1.716901375:[5, 5],
1.717240646:[5, 5],
1.717581323:[5, 5],
1.717921271:[5, 5],
1.718261532:[5, 5],
1.71860372:[5, 5],
1.71894148:[5, 5],
1.719281792:[5, 5],
1.719620908:[5, 10],
1.719962159:[5, 10],
1.720591793:[5, 10],
1.720957418:[5, 10],
1.721308927:[5, 10],
1.721661635:[5, 10],
1.7220101250000002:[5, 10],
1.722363562:[5, 10],
1.7227200200000001:[5, 10],
1.723091946:[5, 10],
1.723461739:[5, 10],
1.723824552:[5, 10],
1.724175281:[5, 10],
1.724525801:[5, 10],
1.724984655:[5, 10],
1.725337051:[5, 10],
1.7256858529999999:[6, 9],
1.7260406970000002:[6, 9],
1.726391895:[6, 9],
1.726742624:[6, 9],
1.7270926229999999:[6, 9],
1.727444706:[6, 9],
1.728282831:[6, 9],
1.728660592:[6, 9],
1.729015905:[6, 9],
1.7294642910000002:[6, 9],
1.7298187180000002:[6, 9],
1.7301745:[6, 9],
1.7305248130000002:[6, 9],
1.730877364:[6, -1],
1.731236478:[6, -1],
1.731590749:[6, -1],
1.731942729:[6, -1],
1.7322977800000001:[6, -1],
1.732656375:[6, -1],
1.733008823:[6, -1],
1.7333643950000002:[6, -1],
1.733715957:[6, -1],
1.7340701250000001:[6, -1],
1.734430074:[6, -1],
1.734783199:[6, -1],
1.735138772:[6, -1],
1.735491792:[6, -1],
1.73584445:[6, -1],
1.736199502:[6, -1],
1.736550701:[6, -1],
1.7369057520000002:[6, -1],
1.7372624710000002:[6, -1],
1.7376181480000001:[6, -1],
1.7379772629999999:[6, -7],
1.738336794:[6, -7],
1.738689815:[6, -7],
1.739045544:[6, -7],
1.7393989310000002:[6, -7],
1.739754505:[6, -7],
1.740109764:[6, -7],
1.740462213:[6, -7],
1.740817264:[5, -9],
1.7411707010000002:[5, -9],
1.74152518:[5, -9],
1.742254347:[5, -9],
1.742619294:[5, -9],
1.742975961:[5, -9],
1.743330075:[5, -9],
1.7436849200000002:[5, -9],
1.744042212:[5, -9],
1.744398879:[5, -7],
1.744759087:[5, -7],
1.745111743:[5, -7],
1.745467836:[5, -7],
1.745823304:[5, -7],
1.746171377:[5, -7],
1.746524449:[5, -7],
1.746879241:[5, -7],
1.747232001:[5, -6],
1.7475865320000001:[5, -6],
1.747943094:[5, -6],
1.748295541:[5, -6],
1.748650176:[5, -6],
1.7490047579999999:[5, -6],
1.749362675:[5, -6],
1.749718873:[5, -9],
1.7500723100000002:[5, -9],
1.750509394:[5, -9],
1.750864602:[5, -9],
1.7512172060000002:[5, -9],
1.751573405:[5, -9],
1.751925333:[5, -9],
1.752276167:[5, -9],
1.75264627:[5, -9],
1.753006791:[5, -9],
1.753358978:[5, -9],
1.7537137180000002:[5, -9],
1.75407002:[5, -9],
1.754421948:[5, -9],
1.754843665:[5, -9],
1.755199811:[5, -9],
1.75555205:[5, -7],
1.7559058520000002:[5, -7],
1.756261581:[5, -7],
1.756613039:[5, -7],
1.756966789:[5, -7],
1.757320123:[5, -7],
1.757676112:[5, -7],
1.7580305410000001:[5, -7],
1.758384967:[5, -7],
1.7587340820000001:[5, -10],
1.7590931969999999:[5, -10],
1.759449446:[5, -10],
1.759806009:[5, -10],
1.760158717:[5, -10],
1.760516945:[5, -10],
1.760871008:[5, -10],
1.761223403:[5, -10],
1.761578144:[5, -10],
1.761931009:[5, -10],
1.762283926:[5, -10],
1.762637988:[5, -10],
1.763037258:[5, -14],
1.7636214250000002:[5, -14],
1.763979446:[5, -14],
1.7643360600000002:[5, -14],
1.764692362:[5, -14],
1.765046788:[5, -14],
1.765401527:[5, -14],
1.765766007:[5, -14],
1.766139913:[5, -14],
1.766509444:[5, -14],
1.7668657460000001:[5, -14],
1.76722335:[5, -14],
1.7675780890000001:[5, -14],
1.767933974:[5, -14],
1.768288246:[5, -14],
1.768642048:[5, -17],
1.768995797:[5, -17],
1.7693498600000002:[5, -17],
1.7697064230000001:[5, -17],
1.770064444:[5, -17],
1.770416632:[5, -17],
1.770779547:[5, -17],
1.771134183:[5, -15],
1.771570642:[5, -15],
1.7719234030000002:[5, -15],
1.7722832460000002:[5, -15],
1.772639757:[5, -15],
1.7729936099999999:[5, -15],
1.773352985:[5, -15],
1.7737088710000002:[5, -15],
1.774066526:[5, -14],
1.774423297:[5, -14],
1.774777152:[5, -14],
1.7751302770000001:[5, -14],
1.775487932:[5, -14],
1.775901524:[5, -14],
1.7762573060000002:[5, -14],
1.7766154840000001:[5, -14],
1.776972985:[5, -14],
1.777329237:[5, -14],
1.777683925:[5, -14],
1.778036582:[5, -14],
1.778391478:[5, -14],
1.7787439250000001:[4, -23],
1.779100436:[4, -23],
1.779455071:[4, -23],
1.779801322:[4, -23],
1.780155801:[4, -23],
1.7805072590000002:[4, -23],
1.780862467:[4, -23],
1.781216791:[4, -23],
1.781569759:[4, -17],
1.781923874:[4, -17],
1.782278456:[4, -17],
1.782630904:[4, -17],
1.782985435:[4, -17],
1.783341477:[4, -17],
1.7836931960000002:[4, -17],
1.784107676:[4, -27],
1.78468252:[4, -27],
1.785042521:[4, -27],
1.785398459:[4, -27],
1.78575648:[4, -27],
1.786113355:[4, -27],
1.786469397:[4, -27],
1.786829605:[4, -27],
1.787190126:[4, -27],
1.787545958:[4, -27],
1.787902624:[4, -7],
1.788251948:[4, -7],
1.788599709:[4, -7],
1.788945334:[4, -7],
1.7892884580000001:[4, -7],
1.789637156:[4, -7],
1.789980489:[4, -7],
1.790327884:[4, -20],
1.790672156:[4, -20],
1.791016426:[4, -20],
1.79136377:[4, -20],
1.791707677:[4, -20],
1.792053405:[4, -20],
1.7924026240000002:[4, -20],
1.792760801:[4, -20],
1.793114708:[4, -12],
1.793468614:[4, -12],
1.793819499:[4, -12],
1.7941727809999999:[4, -12],
1.794528561:[4, -12],
1.794894082:[4, -12],
1.7952508520000001:[4, -12],
1.795606737:[4, -12],
1.7959624650000001:[4, -30],
1.7963210059999999:[4, -30],
1.796669652:[4, -30],
1.797026162:[4, -30],
1.79738163:[4, -30],
1.7977362650000002:[4, -30],
1.7980935040000001:[4, -30],
1.7984502230000001:[4, -30],
1.798807515:[4, -30],
1.799162306:[4, -30],
1.7995149110000002:[4, -30],
1.799873818:[4, -30],
1.800228715:[4, -30],
1.8005831950000002:[3, -35],
1.801007309:[3, -35],
1.801365434:[3, -35],
1.801718662:[3, -35],
1.802072777:[3, -35],
1.80242637:[3, -35],
1.8027793390000002:[3, -35],
1.80313762:[3, -35],
1.803491474:[3, -35],
1.803846526:[3, -35],
1.804199443:[3, -35],
1.804552777:[3, -35],
1.804901319:[3, -35],
1.80525361:[3, -35],
1.8058996:[3, -35],
1.806254443:[3, -35],
1.8066101200000002:[3, -35],
1.8069669410000002:[3, -35],
1.807323765:[3, -35],
1.8076799110000001:[3, -35],
1.80804314:[3, -37],
1.808415901:[3, -37],
1.8087931400000001:[3, -37],
1.809224702:[3, -37],
1.809603869:[3, -37],
1.809960848:[3, -37],
1.810316421:[3, -37],
1.810669754:[3, -38],
1.811025067:[3, -38],
1.8113781389999999:[3, -38],
1.811735327:[3, -38],
1.812090692:[3, -38],
1.812442672:[3, -38],
1.8127980350000001:[3, -38],
1.8131575670000002:[3, -38],
1.813592254:[3, -38],
1.813950066:[2, -39],
1.814305588:[2, -39],
1.814658192:[2, -39],
1.8150148590000001:[2, -39],
1.815370901:[2, -39],
1.815723974:[2, -39],
1.816078922:[2, -39],
1.816431474:[2, -37],
1.816785641:[2, -37],
1.817138246:[2, -37],
1.817489706:[2, -37],
1.81783778:[2, -37],
1.818194498:[2, -37],
1.818546686:[2, -37],
1.8189022590000001:[2, -37],
1.81926007:[2, -36],
1.8196123100000001:[2, -36],
1.8199707470000002:[2, -36],
1.820326165:[2, -36],
1.820680853:[2, -36],
1.8210333520000002:[2, -36],
1.821389812:[2, -36],
1.82174002:[2, -34],
1.822092467:[2, -34],
1.8224482480000002:[2, -34],
1.8228053320000002:[2, -34],
1.823161687:[2, -34],
1.823517155:[2, -34],
1.82387278:[2, -34],
1.824224759:[2, -34],
1.8245792920000001:[1, -34],
1.824934865:[1, -34],
1.825287521:[1, -34],
1.825642887:[1, -34],
1.826069033:[1, -34],
1.826440023:[1, -34],
1.827076376:[1, -34],
1.827441638:[1, -34],
1.827799033:[1, -33],
1.8281574200000001:[1, -33],
1.828518045:[1, -33],
1.8288773680000001:[1, -33],
1.829247107:[1, -33],
1.829610806:[1, -33],
1.829964296:[1, -33],
1.830336066:[1, -30],
1.830683514:[1, -30],
1.8310271070000002:[1, -30],
1.831376066:[1, -30],
1.831720753:[1, -30],
1.832063878:[1, -30],
1.8324094:[1, -30],
1.832751118:[1, -30],
1.83313815:[1, -26],
1.8335326809999999:[1, -26],
1.833895234:[1, -26],
1.8342481510000002:[1, -26],
1.8346817450000001:[1, -26],
1.8350333600000002:[1, -26],
1.835383463:[1, -26],
1.835728099:[1, -26],
1.836073619:[1, -26],
1.836416951:[1, -26],
1.836762576:[1, -26],
1.837136536:[1, -26],
1.8374819530000002:[1, -26],
1.837830756:[0, -26],
1.838174923:[0, -26],
1.838526849:[0, -26],
1.8388866400000001:[0, -26],
1.839245546:[0, -26],
1.8395998690000002:[0, -26],
1.8399591910000002:[0, -26],
1.840316222:[0, -26],
1.840675596:[0, -26],
1.841032108:[0, -24],
1.84138742:[0, -24],
1.841743826:[0, -24],
1.842097993:[0, -24],
1.842452419:[0, -24],
1.842862419:[0, -24],
1.8432073670000002:[0, -24],
1.8435527820000002:[0, -25],
1.843901116:[0, -25],
1.84424273:[0, -25],
1.844587157:[0, -25],
1.844933302:[0, -25],
1.845277313:[0, -25],
1.845621533:[0, -25],
1.8459646040000002:[0, -25],
1.846310699:[0, -25],
1.846655647:[0, -25],
1.847012887:[0, -25],
1.847365855:[0, -25],
1.847956793:[0, -25],
1.8483125230000002:[0, -25],
1.848670179:[0, -27],
1.849024971:[0, -27],
1.849377106:[0, -27],
1.849730439:[0, -27],
1.8500840850000002:[0, -27],
1.8504485650000002:[0, -27],
1.850824399:[0, -27],
1.851196585:[0, -27],
1.851553772:[0, -27],
1.851908772:[0, -27],
1.852261741:[0, -27],
1.852614449:[0, -27],
1.852969292:[0, -27],
1.85332304:[-1, -29],
1.853682676:[-1, -29],
1.854040436:[-1, -29],
1.854395956:[-1, -29],
1.854752987:[-1, -29],
1.855110329:[-1, -29],
1.855460641:[-1, -29],
1.8563177240000002:[-1, -33],
1.856727309:[-1, -33],
1.857091059:[-1, -33],
1.857451216:[-1, -33],
1.857808194:[-1, -33],
1.8581680390000002:[-1, -33],
1.858530487:[-1, -33],
1.858885694:[-1, -33],
1.859242986:[-1, -38],
1.859600903:[-1, -38],
1.859952623:[-1, -38],
1.860311424:[-1, -38],
1.860668924:[-1, -38],
1.861025904:[-1, -38],
1.861383612:[-1, -39],
1.86173981:[-1, -39],
1.86209606:[-1, -39],
1.862456477:[-1, -39],
1.862811425:[-1, -39],
1.8631694460000001:[-1, -39],
1.8635280920000001:[-1, -39],
1.863887155:[-1, -39],
1.864251114:[-1, -42],
1.8646086140000002:[-1, -42],
1.864970073:[-1, -42],
1.8653249170000001:[-1, -42],
1.865688929:[-1, -42],
1.866046115:[-1, -42],
1.8664045:[-1, -42],
1.866760074:[-1, -42],
1.8671179900000001:[-1, -42],
1.8674773130000002:[-1, -42],
1.867835801:[-1, -42],
1.868188354:[-1, -42],
1.868542625:[-1, -42],
1.8688985630000001:[-2, -45],
1.869482104:[-2, -45],
1.8698409580000002:[-2, -45],
1.870203353:[-2, -45],
1.87056153:[-2, -45],
1.870916373:[-2, -45],
1.871274498:[-2, -45],
1.8716307470000002:[-2, -43],
1.871995174:[-2, -43],
1.872356215:[-2, -43],
1.872708038:[-2, -43],
1.873065433:[-2, -43],
1.8734273090000002:[-2, -43],
1.8737866310000002:[-2, -43],
1.874146995:[-2, -43],
1.874504547:[-2, -43],
1.87485986:[-2, -43],
1.8752164740000001:[-2, -43],
1.875576369:[-2, -43],
1.875932203:[-2, -43],
1.876289391:[-3, -43],
1.87664413:[-3, -43],
1.877080536:[-3, -43],
1.8774376720000001:[-3, -43],
1.8777977240000001:[-3, -43],
1.878156422:[-3, -43],
1.878512256:[-3, -43],
1.878866579:[-3, -39],
1.879223976:[-3, -39],
1.879610747:[-3, -39],
1.8799679870000001:[-3, -39],
1.8803283510000002:[-3, -39],
1.880691321:[-3, -39],
1.881116842:[-3, -39],
1.881473613:[-3, -39],
1.8818314250000001:[-3, -35],
1.882191425:[-3, -35],
1.882555332:[-3, -35],
1.882914134:[-3, -35],
1.883269758:[-3, -35],
1.883627414:[-3, -35],
1.883982518:[-3, -35],
1.884338717:[-4, -28],
1.884695905:[-4, -28],
1.88505403:[-4, -28],
1.885404812:[-4, -28],
1.885764344:[-4, -28],
1.886121479:[-4, -28],
1.8864783530000002:[-4, -28],
1.886841425:[-4, -28],
1.8871980920000002:[-4, -28],
1.887558039:[-4, -28],
1.887914184:[-4, -28],
1.888269914:[-4, -28],
1.8886326740000001:[-4, -28],
1.8889935590000002:[-4, -25],
1.889345954:[-4, -25],
1.889703351:[-4, -25],
1.89005783:[-4, -25],
1.890711943:[-4, -25],
1.891076318:[-4, -25],
1.8914391300000002:[-4, -25],
1.8918036100000002:[-4, -25],
1.892165484:[-4, -25],
1.89252538:[-4, -25],
1.892883506:[-4, -21],
1.893243089:[-4, -21],
1.893617881:[-4, -21],
1.894108975:[-4, -21],
1.8944891840000002:[-4, -21],
1.894851789:[-4, -21],
1.8952002270000001:[-4, -21],
1.895553196:[-4, -21],
1.895901947:[-4, -19],
1.896249186:[-4, -19],
1.896596581:[-4, -19],
1.896943039:[-4, -19],
1.8972899650000001:[-4, -19],
1.897641476:[-4, -19],
1.898104757:[-4, -19],
1.898466321:[-4, -18],
1.898827102:[-4, -18],
1.899185695:[-4, -18],
1.8995435070000002:[-4, -18],
1.8999058500000001:[-4, -18],
1.900268455:[-4, -18],
1.90062606:[-4, -18],
1.900984342:[-4, -18],
1.901342311:[-4, -16],
1.901700956:[-4, -16],
1.902061581:[-4, -16],
1.9024104350000002:[-4, -16],
1.9027653820000001:[-4, -16],
1.9031159030000002:[-4, -16],
1.903466059:[-4, -16],
1.90381481:[-4, -16],
1.9041621540000002:[-4, -15],
1.904513769:[-4, -15],
1.9048610620000002:[-4, -15],
1.905211688:[-4, -15],
1.905560802:[-4, -15],
1.905910021:[-4, -15],
1.9063025210000002:[-4, -15],
1.906671063:[-5, -15],
1.9070309060000001:[-5, -15],
1.907390854:[-5, -15],
1.9077483540000002:[-5, -15],
1.908108667:[-5, -15],
1.908466062:[-5, -15],
1.908823616:[-5, -15],
1.909179084:[-5, -15],
1.909534188:[-5, -16],
1.9098923650000001:[-5, -16],
1.9102524170000001:[-5, -16],
1.9106066890000002:[-5, -16],
1.910965386:[-5, -16],
1.911319866:[-5, -16],
1.911986324:[-5, -16],
1.912349867:[-5, -12],
1.912708148:[-5, -12],
1.913066846:[-5, -12],
1.9134231480000001:[-5, -12],
1.913784866:[-5, -12],
1.914142574:[-5, -12],
1.91450122:[-5, -12],
1.914871324:[-5, -12],
1.9152311160000002:[-5, -12],
1.915593198:[-5, -12],
1.915949291:[-5, -10],
1.916304344:[-5, -10],
1.9166610620000002:[-5, -10],
1.917022103:[-5, -10],
1.9173774680000002:[-5, -10],
1.917739083:[-5, -10],
1.918094812:[-5, -10],
1.918451271:[-5, -10],
1.918809553:[-5, -9],
1.919159971:[-5, -9],
1.91951721:[-5, -9],
1.9198738770000001:[-5, -9],
1.920230856:[-5, -9],
1.920587001:[-5, -9],
1.920942157:[-5, -9],
1.921296219:[-5, -9],
1.921666793:[-5, -9],
1.9220281460000002:[-5, -9],
1.922389345:[-5, -9],
1.92274674:[-5, 0],
1.923099969:[-5, 0],
1.923530854:[-5, 0],
1.923887624:[-5, 0],
1.924239916:[-5, 0],
1.924592156:[-5, 0],
1.9249475720000002:[-5, 0],
1.925302572:[-5, 0],
1.925656583:[-5, 0],
1.926008822:[-5, 0],
1.92636174:[-5, 0],
1.9267142910000001:[-5, 0],
1.927071115:[-5, 0],
1.927486687:[-5, 0],
1.927843979:[-5, 0],
1.928197156:[-5, 0],
1.928549395:[-5, 0],
1.928903562:[-5, 0],
1.929256582:[-5, 0],
1.929611167:[-5, 0],
1.929964291:[-5, 9],
1.930318248:[-5, 9],
1.930672833:[-5, 9],
1.9310245:[-5, 9],
1.9313784580000002:[-5, 9],
1.931727365:[-5, 9],
1.932078668:[-5, 9],
1.9324304900000002:[-5, 9],
1.932840907:[-5, 9],
1.933429344:[-5, 9],
1.93378471:[-5, 12],
1.934139918:[-5, 12],
1.934493199:[-5, 12],
1.934847053:[-5, 12],
1.935202886:[-5, 12],
1.935558093:[-5, 12],
1.935912834:[-5, 12],
1.936288459:[-5, 12],
1.936666948:[-5, 12],
1.937027939:[-5, 12],
1.937384605:[-5, 12],
1.937737261:[-5, 12],
1.938091584:[-5, 12],
1.938444605:[-5, 12],
1.9387976770000002:[-5, 12],
1.939156271:[-5, 12],
1.9395114800000002:[-5, 12],
1.939866741:[-5, 12],
1.940217002:[-5, 12],
1.940571377:[-5, 12],
1.940924241:[-5, 12],
1.941279033:[-5, 12],
1.941636949:[-5, 12],
1.9419915840000002:[-5, 12],
1.942347157:[-5, 12],
1.942701322:[-5, 12],
1.9430548120000002:[-5, 12],
1.943410905:[-5, 12],
1.943765697:[-5, 12],
1.944119291:[-4, 17],
1.9445899150000001:[-4, 17],
1.944950853:[-4, 17],
1.94530632:[-4, 17],
1.945659654:[-4, 17],
1.946014082:[-4, 17],
1.946366843:[-4, 17],
1.946718823:[-4, 17],
1.9470752820000001:[-4, 17],
1.947433459:[-4, 17],
1.947786532:[-4, 17],
1.94814174:[-4, 17],
1.948567624:[-4, 18],
1.948923249:[-4, 18],
1.949277989:[-4, 18],
1.949633144:[-4, 18],
1.9499872580000002:[-4, 18],
1.950343613:[-4, 18],
1.9506966860000001:[-4, 18],
1.9510549670000001:[-4, 18],
1.951411687:[-4, 18],
1.9517638220000002:[-4, 18],
1.952122363:[-4, 18],
1.952475592:[-4, 18],
1.952822103:[-4, 18],
1.953175124:[-4, 18],
1.9535250720000001:[-4, 18],
1.9538827790000002:[-4, 18],
1.954459081:[-4, 18],
1.954819862:[-4, 18],
1.9551736640000001:[-4, 18],
1.955532726:[-4, 18],
1.9558870480000001:[-4, 18],
1.956243142:[-4, 18],
1.956598819:[-4, 18],
1.956945851:[-4, 18],
1.9573160600000001:[-4, 21],
1.957675278:[-4, 21],
1.9580280380000001:[-4, 21],
1.958386527:[-4, 21],
1.958740538:[-4, 21],
1.9590932470000002:[-4, 21],
1.959451112:[-4, 21],
1.959804654:[-4, 21],
1.960157362:[-4, 21],
1.960511269:[-4, 21],
1.960863143:[-4, 21],
1.96120882:[-4, 21],
1.9615608:[-4, 21],
1.961910331:[-4, 21],
1.962262987:[-4, 21],
1.962612934:[-4, 21],
1.962963663:[-4, 21],
1.963316528:[-4, 21],
1.963687466:[-4, 21],
1.964050174:[-4, 21],
1.9644063200000002:[-4, 21],
1.9647626740000002:[-4, 21],
1.965118456:[-4, 21],
1.965565539:[-4, 21],
1.9659218920000001:[-4, 21],
1.966279445:[-4, 21],
1.966633923:[-4, 21],
1.966987622:[-4, 21],
1.967341266:[-4, 21],
1.9676968920000002:[-4, 21],
1.968053506:[-4, 21],
1.96840736:[-4, 21],
1.968759703:[-4, 21],
1.969116421:[-3, 23],
1.969536003:[-3, 23],
1.9698917850000002:[-3, 23],
1.970247982:[-3, 23],
1.970603711:[-3, 23],
1.970956158:[-3, 23],
1.9713076690000002:[-3, 23],
1.971664909:[-3, 23],
1.972017877:[-3, 23],
1.9723727210000002:[-3, 23],
1.972729648:[-3, 23],
1.973082199:[-3, 23],
1.973437096:[-3, 23],
1.973783815:[-3, 23],
1.9741337630000002:[-3, 23],
1.974491159:[-3, 23],
1.974841784:[-3, 23],
1.9753935550000001:[-3, 23],
1.975758918:[-3, 23],
1.976114387:[-3, 23],
1.976470326:[-3, 23],
1.976822877:[-3, 23],
1.9771756370000002:[-3, 23],
1.977535272:[-3, 23],
1.977919543:[-3, 23],
1.97827824:[-3, 23],
1.9786575110000002:[-3, 23],
1.979043396:[-3, 23],
1.979402457:[-3, 23],
1.979763082:[-3, 23],
1.980120321:[-3, 23],
1.980474072:[-3, 23],
1.980829331:[-3, 23],
1.981670425:[-3, 23],
1.982054852:[-3, 23],
1.982408133:[-3, 23],
1.982764697:[-3, 23],
1.983120374:[-3, 23],
1.983478864:[-3, 23],
1.983832509:[-3, 23],
1.984186572:[-3, 23],
1.984540686:[-2, 22],
1.9848968830000002:[-2, 22],
1.985256518:[-2, 22],
1.98561157:[-2, 22],
1.985967403:[-2, 22],
1.986320112:[-2, 22],
1.986784851:[-2, 22],
1.9871393830000001:[-2, 22],
1.987498446:[-2, 22],
1.9878534970000001:[-2, 22],
1.988213237:[-2, 22],
1.9885674560000002:[-2, 22],
1.988924539:[-2, 20],
1.989279383:[-2, 20],
1.9896329760000002:[-2, 20],
1.989990477:[-2, 20],
1.99034532:[-2, 20],
1.99069782:[-2, 20],
1.9911196960000002:[-2, 20],
1.991478757:[-2, 20],
1.991832143:[-2, 20],
1.992187767:[-2, 20],
1.992541361:[-2, 20],
1.9928937050000002:[-2, 20],
1.9932513090000001:[-2, 20],
1.993608913:[-2, 20],
1.993963757:[-2, 20],
1.994318081:[-2, 20],
1.994670842:[-2, 20],
1.995019488:[-2, 19],
1.995370738:[-2, 19],
1.9957224560000002:[-2, 19],
1.996079382:[-2, 19],
1.9964311540000002:[-2, 19],
1.9971116740000001:[-2, 19],
1.997481571:[-2, 19],
1.997841675:[-2, 19],
1.998200425:[-2, 19],
1.998555529:[-2, 19],
1.998917873:[-2, 19],
1.99927433:[-2, 19],
1.99962532:[-2, 19],
1.999980059:[-2, 19],
2.000325997:[-2, 19],
2.000672507:[-2, 19],
2.001017455:[-2, 19],
2.001361778:[-2, 19],
2.001708027:[-2, 19],
2.002051464:[-2, 19],
2.002397765:[-2, 19],
2.002740368:[-2, 19],
2.003086723:[-2, 19],
2.003509172:[-2, 19],
2.003867297:[-2, 19],
2.00421938:[-2, 19],
2.004571672:[-2, 19],
2.004921984:[-1, 19],
2.005273026:[-1, 19],
2.005626152:[-1, 19],
2.005977142:[-1, 19],
2.006334382:[-1, 19],
2.00669183:[-1, 19],
2.007045163:[-1, 19],
2.007401882:[-1, 19],
2.007852508:[-1, 18],
2.008246935:[-1, 18],
2.008607143:[-1, 18],
2.008962716:[-1, 18],
2.00933657:[-1, 18],
2.009701935:[-1, 18],
2.01010756:[-1, 18],
2.010477456:[-1, 18],
2.010831935:[-1, 18],
2.011189278:[-1, 18],
2.011547143:[-1, 18],
2.011908081:[-1, 18],
2.012272612:[-1, 17],
2.012626882:[-1, 17],
2.012982195:[-1, 17],
2.013335267:[-1, 17],
2.013699799:[-1, 17],
2.014069538:[-1, 17],
2.014426258:[-1, 17],
2.0147798:[-1, 17],
2.01513428:[-1, 17],
2.015486207:[-1, 17],
2.015833603:[-1, 17],
2.016187353:[-1, 17],
2.016539124:[-1, 17],
2.016891937:[-1, 17],
2.017243031:[-1, 18],
2.017930739:[-1, 18],
2.018292196:[-1, 18],
2.0186473:[-1, 18],
2.019003133:[-1, 18],
2.019359019:[-1, 18],
2.019713915:[-1, 18],
2.020167978:[-1, 18],
2.020522561:[-1, 18],
2.02088501:[-1, 18],
2.021256156:[-1, 18],
2.021633187:[-1, 18],
2.021989593:[-1, 18],
2.022345843:[-1, 18],
2.022699905:[-1, 18],
2.023053135:[-1, 22],
2.023408135:[-1, 22],
2.023762459:[-1, 22],
2.024117302:[-1, 22],
2.02446449:[-1, 22],
2.024817251:[-1, 22],
2.025172095:[-1, 22],
2.025524022:[-1, 22],
2.025879282:[-1, 22],
2.026232616:[-1, 22],
2.026585375:[-1, 22],
2.026939282:[-1, 22],
2.027294542:[-1, 22],
2.027647823:[-1, 22],
2.028006001:[-1, 22],
2.028353657:[-1, 22],
2.028708604:[-1, 22],
2.029064543:[-1, 22],
2.029416314:[-1, 22],
2.02977147:[-1, 22],
2.030122667:[0, 19],
2.030472563:[0, 19],
2.03082376:[0, 19],
2.03117251:[0, 19],
2.031523291:[0, 19],
2.031872665:[0, 19],
2.032219957:[0, 19],
2.032676415:[0, 19],
2.03303053:[0, 19],
2.033380113:[0, 19],
2.033731832:[0, 19],
2.034079229:[0, 19],
2.034428864:[0, 19],
2.034780218:[0, 19],
2.035128292:[0, 19],
2.035479125:[0, 19],
2.035828083:[0, 19],
2.036176885:[0, 19],
2.036527926:[0, 19],
2.036870842:[0, 19],
2.037217456:[0, 19],
2.037566937:[0, 19],
2.037914072:[0, 19],
2.038261051:[0, 19],
2.038609436:[0, 19],
2.039252873:[0, 21],
2.039607613:[0, 21],
2.039957718:[0, 21],
2.040308759:[0, 21],
2.040657093:[0, 21],
2.041002093:[0, 21],
2.041351936:[0, 21],
2.041700321:[0, 21],
2.042061675:[0, 21],
2.042411362:[0, 21],
2.042760581:[0, 21],
2.043111936:[0, 21],
2.043460946:[0, 21],
2.043811311:[0, 21],
2.044159643:[0, 15],
2.04450782:[0, 15],
2.044860164:[0, 15],
2.045205529:[0, 15],
2.045555737:[0, 15],
2.045902403:[0, 15],
2.046250425:[0, 15],
2.046600372:[0, 15],
2.046948288:[0, 15],
2.047294694:[0, 15],
2.047643445:[0, 15],
2.048015736:[0, 15],
2.048366674:[0, 13],
2.048718183:[0, 13],
2.049066516:[0, 13],
2.049421464:[0, 13],
2.049770423:[0, 13],
2.050118913:[0, 13],
2.050469435:[0, 13],
2.05082032:[0, 13],
2.051167871:[0, 13],
2.051517767:[0, 13],
2.051866047:[0, 13],
2.052217454:[0, 13],
2.0525686:[0, 13],
2.052943963:[0, 13],
2.053289744:[0, 13],
2.05363714:[0, 13],
2.054078808:[1, 11],
2.054427454:[1, 11],
2.054771724:[1, 11],
2.055113287:[1, 11],
2.05545464:[1, 11],
2.055795369:[1, 11],
2.056137453:[1, 11],
2.056477036:[1, 11],
2.056818286:[1, 11],
2.057159745:[1, 11],
2.057603964:[1, 11],
2.05794787:[1, 11],
2.058292089:[1, 11],
2.058633444:[1, 11],
2.058976204:[1, 11],
2.059315892:[1, 11],
2.059891411:[1, 11],
2.060233807:[1, 11],
2.060574901:[1, 11],
2.060916567:[1, 4],
2.061257037:[1, 4],
2.061653861:[1, 4],
2.06199985:[1, 4],
2.062338287:[1, 4],
2.062680996:[1, 4],
2.06303485:[1, 4],
2.063390892:[1, 4],
2.063749224:[1, 4],
2.064125787:[1, 4],
2.064534327:[1, 4],
2.064879483:[1, 4],
2.065220211:[1, 4],
2.065560784:[1, 4],
2.066013076:[1, 4],
2.066358701:[1, 4],
2.066698493:[1, 4],
2.067039742:[1, 4],
2.067379795:[1, 4],
2.067721358:[1, 4],
2.06806167:[1, 4],
2.068400681:[1, -1],
2.068749118:[1, -1],
2.0690924:[1, -1],
2.069435941:[1, -1],
2.069777035:[1, -1],
2.07013568:[1, -1],
2.070491825:[1, -1],
2.070843908:[1, -1],
2.071211615:[1, -1],
2.071593854:[1, -1],
2.071977291:[1, -1],
2.072451302:[1, -1],
2.072903855:[1, -1],
2.073375158:[1, -1],
2.07380271:[1, -1],
2.074242033:[1, -1],
2.074755991:[1, -1],
2.075255782:[1, -1],
2.075779898:[1, -1],
2.076271564:[1, -1],
2.0767812:[1, -1],
2.077265575:[1, -1],
2.077698179:[1, -1],
2.078099222:[1, -1],
2.078511097:[1, -1],
2.078949431:[1, -6],
2.079505316:[1, -6],
2.079933129:[1, -6],
2.080370159:[1, -6],
2.080873179:[1, -6],
2.081371202:[1, -6],
2.081784691:[1, -6],
2.082491462:[1, -6],
2.082949118:[1, -6],
2.083351045:[1, -6],
2.083735106:[1, -6],
2.084102866:[1, -6],
2.084726251:[1, -8],
2.085261773:[1, -8],
2.085727815:[1, -8],
2.086225367:[1, -8],
2.086722086:[1, -8],
2.087188648:[1, -8],
2.087656147:[1, -8],
2.088078647:[1, -9],
2.088503803:[1, -9],
2.088900573:[1, -9],
2.089417604:[1, -9],
2.089932136:[1, -9],
2.09039823:[1, -9],
2.090925208:[0, -10],
2.091480522:[0, -10],
2.09202177:[0, -10],
2.092468386:[0, -10],
2.092888021:[0, -10],
2.09326599:[0, -10],
2.093626406:[0, -10],
2.09398151:[0, -10],
2.094329688:[0, -10],
2.094709636:[0, -10],
2.095141147:[0, -10],
2.095581408:[0, -10],
2.096004898:[0, -10],
2.096464742:[0, -10],
2.096871044:[0, -11],
2.097314847:[0, -11],
2.097682974:[0, -11],
2.0980374:[0, -11],
2.098383181:[0, -11],
2.098726462:[0, -11],
2.099078024:[0, -12],
2.099421619:[0, -12],
2.099766931:[0, -12],
2.100112973:[0, -12],
2.100455213:[0, -12],
2.100801046:[0, -12],
2.101143025:[0, -12],
2.101489067:[0, -11],
2.101835526:[0, -11],
2.102283703:[0, -11],
2.102640265:[0, -11],
2.102990577:[0, -11],
2.103341462:[0, -11],
2.103694067:[0, -11],
2.104046983:[0, -11],
2.104399848:[0, -11],
2.105000004:[0, -10],
2.105357399:[0, -10],
2.105713336:[0, -10],
2.106070367:[0, -10],
2.106425263:[0, -10],
2.106850991:[0, -10],
2.107197084:[0, -10],
2.10754099:[0, -10],
2.107886042:[0, -10],
2.108238282:[0, -9],
2.108591824:[0, -9],
2.108992398:[0, -9],
2.10936271:[0, -9],
2.109705887:[0, -9],
2.110049532:[0, -9],
2.110391823:[0, -9],
2.110750991:[0, -9],
2.111126095:[0, -9],
2.111479482:[0, -9],
2.111833128:[0, -9],
2.112188596:[0, -9],
2.112539898:[0, -9],
2.112894117:[0, -9],
2.113246617:[0, -9],
2.113599534:[0, -9],
2.11395542:[0, -8],
2.114306722:[0, -8],
2.114659692:[0, -8],
2.115009744:[0, -8],
2.115366254:[0, -8],
2.115720213:[0, -8],
2.116073494:[0, -8],
2.116426619:[0, -7],
2.116778442:[0, -7],
2.117129588:[0, -7],
2.117483546:[0, -7],
2.117837713:[0, -7],
2.118189327:[0, -7],
2.118542609:[0, -7],
2.118893599:[0, -7],
2.119240578:[0, -7],
2.119594797:[0, -7],
2.119946307:[0, -7],
2.120298703:[0, -7],
2.1206509430000002:[0, -7],
2.121007922:[0, -7],
2.121362401:[0, -7],
2.121714434:[0, -7],
2.122067663:[0, -7],
2.122420319:[0, -7],
2.122772403:[0, -7],
2.123136622:[0, -7],
2.123572508:[0, -7],
2.123922561:[0, -4],
2.124275373:[0, -4],
2.125147092:[0, -4],
2.125535581:[0, -4],
2.125891935:[0, -4],
2.126481831:[0, -4],
2.126836987:[0, -4],
2.127193498:[0, -4],
2.127549228:[0, -4],
2.127896833:[0, -4],
2.128251:[0, -4],
2.128604907:[0, -4],
2.1289568340000002:[0, -4],
2.129313917:[0, -4],
2.129674438:[0, -4],
2.130031573:[0, -4],
2.130385479:[0, -4],
2.13073798:[0, -4],
2.131089439:[0, -4],
2.131445898:[0, -4],
2.131798763:[0, -4],
2.132150482:[0, -4],
2.132502982:[0, -4],
2.132853191:[0, -4],
2.133205066:[0, -4],
2.1335551170000002:[0, -4],
2.13390944:[0, -4],
2.134259335:[0, -4],
2.134612825:[0, -4],
2.134963971:[0, -4],
2.135345949:[0, -4],
2.135698554:[0, -4],
2.136053032:[0, -4],
2.136499647:[0, -4],
2.136852042:[0, 2],
2.13720246:[0, 2],
2.137551887:[0, 2],
2.137901:[0, 2],
2.138253552:[0, 2],
2.138602927:[0, 2],
2.138950219:[0, 2],
2.139299854:[0, 2],
2.139647824:[0, 2],
2.139997981:[0, 2],
2.140341002:[0, 2],
2.140690794:[0, 2],
2.141041836:[0, 2],
2.141390013:[0, 2],
2.141739701:[0, 2],
2.142091107:[0, 2],
2.142438607:[0, 2],
2.142789544:[0, 2],
2.143135637:[0, 2],
2.143485221:[0, 2],
2.143832929:[0, 2],
2.144181106:[0, 2],
2.1446097:[0, 2],
2.144963138:[0, 2],
2.145310065:[0, 2],
2.145656732:[0, 2],
2.146003243:[0, 2],
2.146352671:[0, 2],
2.14670012:[0, 2],
2.14704637:[0, 2],
2.147703973:[0, 2],
2.148055796:[0, 2],
2.148407307:[0, 2],
2.14883064:[0, 6],
2.149183192:[0, 6],
2.149533349:[0, 6],
2.149881057:[0, 6],
2.1502330880000002:[0, 6],
2.1505859:[0, 6],
2.150938087:[0, 6],
2.151304962:[0, 6],
2.151677097:[0, 6],
2.152029128:[0, 6],
2.152380743:[0, 6],
2.152728295:[0, 7],
2.153180117:[0, 7],
2.15353168:[0, 7],
2.153881054:[0, 7],
2.15423043:[0, 7],
2.154577982:[0, 7],
2.154926575:[0, 7],
2.155276471:[0, 7],
2.155626106:[0, 7],
2.155974491:[0, 7],
2.156324179:[0, 7],
2.156671107:[0, 7],
2.157019752:[0, 7],
2.157370689:[0, 7],
2.15771845:[0, 7],
2.158068658:[0, 7],
2.158416731:[0, 7],
2.158763189:[0, 7],
2.159112981:[0, 7],
2.159461574:[0, 7],
2.159811523:[0, 7],
2.16016121:[0, 7],
2.160508346:[0, 7],
2.160858606:[0, 7],
2.161205377:[0, 7],
2.16162798:[0, 7],
2.161978136:[0, 7],
2.162327042:[0, 7],
2.162677563:[0, 7],
2.163026939:[0, 7],
2.1633754290000002:[0, 7],
2.163732043:[0, 7],
2.1640797:[0, 7],
2.164426211:[0, 7],
2.164776575:[0, 7],
2.165123919:[0, 7],
2.165466523:[0, 7],
2.165813241:[0, 7],
2.166159283:[0, 7],
2.166507981:[0, 7],
2.16685345:[0, 7],
2.167202512:[0, 7],
2.167548709:[0, 7],
2.167893344:[0, 7],
2.168462199:[0, 7],
2.168815011:[0, 7],
2.169165687:[0, 7],
2.169516157:[0, 7],
2.169858344:[0, 6],
2.170207614:[0, 6],
2.17055626:[0, 6],
2.170907404:[0, 6],
2.171257666:[0, 6],
2.171606519:[0, 6],
2.171959748:[0, 6],
2.17231204:[0, 6],
2.172660737:[0, 6],
2.173008603:[0, 6],
2.173357196:[0, 6],
2.173705373:[0, 6],
2.174048186:[0, 6],
2.174396155:[0, 6],
2.174741781:[0, 6],
2.1750898:[0, 6],
2.175433967:[0, 6],
2.175780425:[0, 6],
2.176127716:[0, 4],
2.176473914:[0, 4],
2.176821258:[0, 4],
2.177198914:[0, 4],
2.177549228:[0, 4],
2.177895947:[0, 4],
2.178245583:[0, 4],
2.178596677:[0, 4],
2.178945896:[0, 4],
2.179293917:[0, 4],
2.179641729:[0, 4],
2.179990895:[0, 4],
2.18033902:[0, 4],
2.180688811:[0, 4],
2.181038343:[0, 4],
2.181387249:[0, 4],
2.181737823:[0, 4],
2.182087354:[0, 4],
2.182439229:[0, 4],
2.182787927:[0, 4],
2.1831363120000002:[0, 4],
2.183490166:[0, 4],
2.18383975:[0, 4],
2.184188344:[0, 4],
2.184538761:[0, 4],
2.184887824:[0, 4],
2.185237772:[0, 4],
2.1855880340000002:[0, 4],
2.18593918:[0, 4],
2.186284179:[0, 4],
2.186630116:[0, 4],
2.186975846:[0, 4],
2.187325533:[0, 4],
2.187671679:[0, 4],
2.188019127:[0, 4],
2.188365533:[0, 4],
2.188710793:[0, 4],
2.1892622:[0, 4],
2.189618398:[0, 4],
2.189966471:[0, 4],
2.190317668:[0, -1],
2.190669491:[0, -1],
2.191023033:[0, -1],
2.191376835:[0, -1],
2.191728607:[0, -1],
2.192081836:[0, -1],
2.1924330850000002:[0, -1],
2.1927894390000002:[0, -1],
2.193162303:[0, -1],
2.193538553:[0, -1],
2.193949437:[0, -1],
2.194348396:[0, -1],
2.194696209:[0, -1],
2.195049281:[0, -1],
2.195403708:[0, -1],
2.195755791:[0, -1],
2.196110009:[0, -1],
2.196461155:[0, -1],
2.196812406:[0, -1],
2.197165478:[0, -1],
2.197523446:[0, -1],
2.19787631:[0, -2],
2.198229591:[0, -2],
2.198581466:[0, -2],
2.199011622:[0, -2],
2.199366674:[0, -2],
2.199718339:[0, -2],
2.200078497:[0, -2],
2.200440892:[0, -2],
2.200823913:[0, -2],
2.201197767:[0, -2],
2.201604486:[0, -2],
2.201987038:[0, -2],
2.202342403:[0, -2],
2.202693914:[0, -4],
2.203072299:[0, -4],
2.203519851:[0, -4],
2.203875424:[0, -4],
2.2042279750000002:[0, -4],
2.204585735:[0, -4],
2.204937767:[0, -4],
2.205290318:[0, -4],
2.20564412:[0, -4],
2.205998079:[0, -4],
2.206349797:[0, -4],
2.206703548:[0, -4],
2.2070549010000002:[0, -4],
2.2074774:[0, -4],
2.207831307:[0, -4],
2.20818188:[0, -4],
2.208534275:[0, -4],
2.208884326:[0, -4],
2.209238128:[0, -4],
2.209589638:[0, -4],
2.209939898:[0, -4],
2.2102898460000002:[0, -4],
2.210990056:[0, -4],
2.211356773:[0, -5],
2.211714117:[0, -5],
2.212068648:[0, -5],
2.212415835:[0, -5],
2.212763179:[0, -5],
2.213107658:[0, -5],
2.213452658:[0, -5],
2.213803283:[0, -4],
2.214199741:[0, -4],
2.214557085:[0, -4],
2.214903387:[0, -4],
2.215293387:[0, -4],
2.215663074:[0, -4],
2.21606646:[0, -4],
2.216445836:[0, -5],
2.21693422:[0, -5],
2.217297657:[0, -5],
2.217653543:[0, -5],
2.218005991:[0, -5],
2.218355939:[0, -5],
2.218706303:[0, -5],
2.219057865:[0, -5],
2.21941896:[0, -5],
2.2197743770000002:[0, -5],
2.220233909:[0, -4],
2.220581773:[0, -4],
2.220924169:[0, -4],
2.221267242:[0, -4],
2.221613076:[0, -4],
2.22195745:[0, -4],
2.222301773:[0, -4],
2.222650367:[0, -4],
2.222993284:[0, -4],
2.22333719:[0, -4],
2.223680368:[0, -4],
2.224021774:[0, -4],
2.224381357:[0, -4],
2.224733805:[0, -4],
2.225086202:[0, -4],
2.225439171:[0, -4],
2.225790732:[0, -4],
2.226144378:[0, -4],
2.226496149:[0, -4],
2.2268481270000002:[0, -3],
2.227205679:[0, -3],
2.227556772:[0, -3],
2.227909169:[0, -3],
2.228260731:[0, -3],
2.228668595:[0, -3],
2.229015315:[0, -3],
2.229360523:[0, -3],
2.2297018250000002:[0, -3],
2.230050262:[0, -3],
2.230392762:[0, -3],
2.230735209:[0, -3],
2.231078802:[0, -3],
2.231422031:[0, -3],
2.232092344:[0, -3],
2.232439896:[0, -3],
2.23284099:[0, -3],
2.233198647:[0, -3],
2.233553595:[0, -3],
2.233910001:[0, -3],
2.234263802:[0, -3],
2.234618751:[0, -3],
2.234971773:[0, -3],
2.23532521:[0, -3],
2.235692293:[0, -3],
2.236064271:[0, -3],
2.236435833:[0, -3],
2.23679427:[0, -3],
2.2372524990000002:[0, -3],
2.237610675:[0, -3],
2.237967915:[0, -3],
2.238322967:[0, -3],
2.238676196:[0, -3],
2.239031821:[0, -3],
2.239385154:[0, -3],
2.239739997:[0, -3],
2.240095049:[0, -3],
2.240449528:[0, -3],
2.240804945:[0, -3],
2.24121484:[0, -3],
2.241560986:[0, -3],
2.241906351:[0, -3],
2.242249842:[0, -3],
2.242593488:[0, -3],
2.242936977:[0, -3],
2.24327958:[0, -3],
2.243623017:[0, -3],
2.243966975:[0, -3],
2.244311142:[0, 1],
2.244650934:[0, 1],
2.244989477:[0, 1],
2.245380152:[0, 1],
2.24573536:[0, 1],
2.246086611:[0, 1],
2.246434736:[0, 1],
2.246784529:[0, 1],
2.247133955:[0, 1],
2.247481871:[0, 1],
2.247832601:[0, 1],
2.248180414:[0, 1],
2.248530205:[0, 1],
2.248877653:[0, 1],
2.249286559:[0, 1],
2.249645309:[0, 1],
2.24999307:[0, 1],
2.250337028:[0, 1],
2.250683955:[0, 1],
2.25102984:[0, 1],
2.251377289:[0, 1],
2.251725517:[0, 1],
2.252070985:[0, 3],
2.25240937:[0, 3],
2.252998954:[0, 3],
2.253352807:[0, 3],
2.253768068:[0, 3],
2.254119525:[0, 3],
2.254467493:[0, 3],
2.25481765:[0, 3],
2.255164212:[0, 3],
2.255511659:[0, 3],
2.255861348:[0, 3],
2.256211348:[0, 3],
2.256562494:[0, 3],
2.256919266:[0, 3],
2.257267652:[0, 3],
2.257617027:[0, 3],
2.257959371:[0, 3],
2.258305882:[0, 3],
2.258654163:[0, 3],
2.259000361:[0, 3],
2.259347914:[0, 3],
2.25969531:[0, 3],
2.260040102:[0, 3],
2.260387759:[0, 3],
2.260732446:[0, 3],
2.261085311:[0, 3],
2.261437341:[0, 3],
2.261862238:[0, 3],
2.26221479:[0, 3],
2.262564685:[0, 3],
2.262913018:[0, 3],
2.263262445:[0, 3],
2.263612758:[0, 3],
2.263961404:[0, 3],
2.26431229:[0, 3],
2.264660518:[0, 3],
2.265008384:[0, 3],
2.265358592:[0, 3],
2.265706405:[0, 3],
2.266115781:[0, 3],
2.266464895:[0, 3],
2.266812187:[0, 3],
2.267162136:[0, 3],
2.267512917:[0, 3],
2.267860834:[0, 3],
2.268209949:[0, 3],
2.268557501:[0, 3],
2.269421095:[0, 3],
2.269825835:[0, 3],
2.270179584:[0, 3],
2.270526459:[0, 3],
2.270876148:[0, 3],
2.271226409:[0, 3],
2.271574482:[0, 3],
2.2719212:[0, 3],
2.272265575:[0, 3],
2.27261422:[0, 3],
2.272958284:[0, 3],
2.273305314:[0, 3],
2.273650366:[0, 3],
2.274237918:[0, 3],
2.27458797:[0, 3],
2.274932188:[0, 3],
2.275281043:[0, 2],
2.275633126:[0, 2],
2.275980781:[0, 2],
2.276329011:[0, 2],
2.276678698:[0, 2],
2.277029792:[0, 2],
2.277376614:[0, 2],
2.277725676:[0, 2],
2.278081302:[0, 2],
2.278445157:[0, 2],
2.27891849:[0, 2],
2.279278021:[0, 2],
2.2796275010000002:[0, 2],
2.279981875:[0, 2],
2.280329948:[0, 2],
2.28068099:[0, 2],
2.281030624:[0, 2],
2.281378542:[0, 2],
2.281730676:[0, 2],
2.282078802:[0, 2],
2.282428438:[0, 2],
2.2827786469999998:[0, 2],
2.283199219:[0, 2],
2.283551407:[0, 2],
2.283900835:[0, 2],
2.284249585:[0, 2],
2.284600939:[0, 2],
2.284949323:[0, 2],
2.2852968750000002:[0, 2],
2.285650262:[0, 2],
2.285997814:[0, 2],
2.286351616:[0, 2],
2.286702137:[0, 2],
2.287050835:[0, 2],
2.287395365:[0, 2],
2.287743385:[0, 2],
2.288092344:[0, 2],
2.288441614:[0, 2],
2.288789531:[0, 2],
2.289139374:[0, 2],
2.289488176:[0, 2],
2.289836197:[0, 2],
2.290186823:[0, 2],
2.290535885:[0, 2],
2.290885365:[0, 2],
2.2912340110000002:[0, 2],
2.291654167:[0, 2],
2.292002604:[0, 2],
2.292351406:[0, 2],
2.292697083:[0, 2],
2.293046146:[0, 2],
2.293394531:[0, 2],
2.293739999:[0, 2],
2.294089321:[0, 2],
2.29443479:[0, 2],
2.2947757810000002:[0, -1],
2.295451509:[0, -1],
2.295826718:[0, -1],
2.296180885:[0, -1],
2.296533021:[0, -1],
2.296886771:[0, -1],
2.297384166:[0, -1],
2.297781613:[0, -1],
2.298161977:[0, -1],
2.298518695:[0, -1],
2.298871247:[0, -1],
2.2992313:[0, -1],
2.299583487:[0, -1],
2.299928174:[0, -1],
2.300274684:[0, -1],
2.30061885:[0, -1],
2.300963954:[0, -1],
2.301307807:[0, -1],
2.301660412:[0, -1],
2.30200463:[0, -1],
2.302346869:[0, -1],
2.302691347:[0, -1],
2.303038222:[0, -1],
2.303389159:[0, -1],
2.303735252:[0, -1],
2.304095981:[0, -1],
2.304456034:[0, -1],
2.304810931:[0, -2],
2.305168482:[0, -2],
2.305532596:[0, -2],
2.305889887:[0, -2],
2.306243221:[0, -2],
2.306598221:[0, -2],
2.30695296:[0, -2],
2.307306449:[0, -2],
2.307662232:[0, -2],
2.308015617:[0, -2],
2.308362179:[0, -2],
2.308706086:[0, -2],
2.309049471:[0, -2],
2.309395565:[0, -2],
2.309740045:[0, -2],
2.31008515:[0, -3],
2.310427494:[0, -3],
2.310771452:[0, -3],
2.311116557:[0, -3],
2.311462182:[0, -3],
2.311806922:[0, -3],
2.312156766:[0, -3],
2.312510099:[0, -3],
2.312862078:[0, -3],
2.313214994:[0, -3],
2.313565827:[0, -3],
2.313917129:[0, -3],
2.314266713:[0, -3],
2.314615722:[0, -3],
2.314969317:[0, -2],
2.315319317:[0, -2],
2.315670931:[0, -2],
2.316252807:[0, -2],
2.316600567:[0, -2],
2.316946556:[0, -2],
2.317288222:[0, -2],
2.317633119:[0, -2],
2.317973328:[0, -2],
2.318314631:[0, -2],
2.318658224:[0, -2],
2.319003172:[0, -2],
2.319347859:[0, -2],
2.319691556:[0, -2],
2.320041348:[0, -2],
2.320396817:[0, -2],
2.320791505:[0, -2],
2.321179682:[0, -2],
2.321543432:[0, -2],
2.321896609:[0, -2],
2.322247911:[0, -2],
2.322601035:[0, -2],
2.322956504:[0, -2],
2.323310358:[0, -2],
2.323662233:[0, -2],
2.324013379:[0, -2],
2.324367128:[0, -2],
2.324716764:[0, -2],
2.325068639:[0, -2],
2.325421243:[0, -2],
2.325772494:[0, -2],
2.326123432:[0, -2],
2.326476765:[0, -2],
2.32682786:[0, -2],
2.327180413:[0, -2],
2.327532392:[0, -2],
2.327884007:[0, -2],
2.3282380160000002:[0, -2],
2.328596037:[0, -2],
2.329044996:[0, -2],
2.329400934:[0, -2],
2.3297528610000002:[0, -2],
2.330108069:[0, -2],
2.33046234:[0, -2],
2.330815673:[0, -2],
2.33116958:[0, -2],
2.331519841:[0, -2],
2.331872966:[0, -2],
2.332227028:[0, -2],
2.332580935:[0, -2],
2.332931404:[0, -2],
2.333277603:[0, -2],
2.333628489:[0, 0],
2.333974269:[0, 0],
2.334323071:[0, 0],
2.334667864:[0, 0],
2.335014531:[0, 0],
2.335359011:[0, 0],
2.335704584:[0, 0],
2.3360517720000002:[0, 0],
2.336399949:[0, 0],
2.336740208:[0, 0],
2.33748573:[0, 0],
2.337843959:[0, 0],
2.338191458:[0, 0],
2.338538906:[0, 0],
2.338888541:[0, 0],
2.339238436:[0, 0],
2.339588697:[0, 0],
2.339935936:[0, 0],
2.340283488:[0, 0],
2.340632602:[0, 0],
2.340981145:[0, 0],
2.341338489:[0, 0],
2.3416795820000003:[0, 0],
2.342025206:[0, 0],
2.342364373:[0, 0],
2.342705466:[0, 0],
2.343042704:[0, 0],
2.343381663:[0, 0],
2.343719059:[0, 0],
2.344056039:[0, 0],
2.344395101:[0, 0],
2.344733278:[0, 0],
2.345099527:[0, 0],
2.345438955:[0, 0],
2.345844631:[0, 0],
2.346194995:[0, 0],
2.346543537:[0, 0],
2.346893016:[0, 0],
2.347240412:[0, 0],
2.347589422:[0, 1],
2.347938069:[0, 1],
2.348289057:[0, 1],
2.348637859:[0, 1],
2.348985046:[0, 1],
2.349333692:[0, 1],
2.349758433:[0, 1],
2.350108381:[0, 1],
2.350457808:[0, 1],
2.350806663:[0, 1],
2.351156506:[0, 1],
2.351504735:[0, 1],
2.351852391:[0, 1],
2.352202027:[0, 1],
2.352553068:[0, 1],
2.352900568:[0, 1],
2.353253381:[0, 1],
2.353601714:[0, 1],
2.35394213:[0, 1],
2.354289527:[0, 1],
2.354634839:[0, 1],
2.354982911:[0, 2],
2.355328692:[0, 2],
2.355675464:[0, 2],
2.356023485:[0, 2],
2.356368797:[0, 2],
2.356716611:[0, 2],
2.357062654:[0, 2],
2.357408852:[0, 2],
2.358040675:[0, 2],
2.358399894:[0, 2],
2.358750831:[0, 2],
2.359099737:[0, 2],
2.359450154:[0, 2],
2.35979729:[0, 2],
2.360144373:[0, 2],
2.360493903:[0, 2],
2.360841351:[0, 2],
2.3611914560000002:[0, 2],
2.361543592:[0, 2],
2.361891977:[0, 2],
2.36234828:[0, 2],
2.362722291:[0, 2],
2.363082395:[0, 2],
2.363434426:[0, 2],
2.363784322:[0, 2],
2.364132083:[0, 2],
2.364481822:[0, 2],
2.364830885:[0, 2],
2.3651821870000003:[0, 2],
2.365532864:[0, 2],
2.365881302:[0, 2],
2.366234792:[0, 2],
2.366580157:[0, 2],
2.366929427:[0, 1],
2.367276354:[0, 1],
2.367623542:[0, 1],
2.367973801:[0, 1],
2.368322603:[0, 1],
2.368671509:[0, 1],
2.369020937:[0, 1],
2.369368906:[0, 1],
2.369717865:[0, 1],
2.370067709:[0, 1],
2.370415209:[0, 1],
2.370867345:[0, 1],
2.371217032:[0, 1],
2.371565156:[0, 1],
2.371913854:[0, 1],
2.372263125:[0, 1],
2.372612604:[0, 1],
2.372960885:[0, 1],
2.373309947:[0, 1],
2.373658905:[0, 1],
2.37400755:[0, 1],
2.374354061:[0, 1],
2.374705572:[0, 1],
2.375054583:[0, 1],
2.375401719:[0, 1],
2.375751041:[0, 1],
2.376095728:[0, 1],
2.376443644:[0, 1],
2.376788227:[0, 1],
2.3771346859999998:[0, 1],
2.377487447:[0, 1],
2.377834322:[0, 1],
2.378181614:[0, 1],
2.378527448:[0, 1],
2.379190678:[0, 1],
2.379544271:[0, 1],
2.379895365:[0, 1],
2.380244427:[0, 1],
2.380598229:[0, 1],
2.380945676:[0, 1],
2.381292604:[0, 1],
2.381641042:[0, 1],
2.381990106:[0, 1],
2.382337136:[0, 1],
2.382685834:[0, 1],
2.383036094:[0, 1],
2.383476198:[0, 1],
2.3838258850000003:[0, 1],
2.384176251:[0, 1],
2.3845235430000002:[0, 1],
2.384872084:[0, 1],
2.385217918:[0, 1],
2.385566616:[0, 1],
2.385914428:[0, 1],
2.3862627610000002:[0, 1],
2.386614844:[0, 1],
2.386969687:[0, 1],
2.387389479:[0, 1],
2.387742136:[0, 1],
2.388090624:[0, 1],
2.388441041:[0, 1],
2.3887892710000003:[0, 1],
2.389140104:[0, 1],
2.389490572:[0, 1],
2.389840415:[0, 1],
2.390189114:[0, 1],
2.390541042:[0, 1],
2.390888854:[0, 1],
2.391238645:[0, 1],
2.391582082:[0, 1],
2.391930208:[0, 1],
2.392279324:[0, 1],
2.392626825:[0, 1],
2.392975887:[0, -1],
2.393334897:[0, -1],
2.393687084:[0, -1],
2.39404073:[0, -1],
2.394391668:[0, -1],
2.394744115:[0, -1],
2.395098543:[0, -1],
2.395452345:[0, -1],
2.395870522:[0, -1],
2.396225417:[0, -1],
2.39658099:[0, -1],
2.396930573:[0, -1],
2.397284273:[0, -1],
2.397635836:[0, -1],
2.397990574:[0, -1],
2.398341407:[0, -1],
2.398693855:[0, -1],
2.399047292:[0, -1],
2.399400677:[0, -1],
2.399746406:[0, -1],
2.400374947:[0, -1],
2.400731093:[0, -1],
2.401084167:[0, -1],
2.40143677:[0, -1],
2.401790103:[0, -1],
2.402148332:[0, -1],
2.402512395:[0, -1],
2.402866978:[0, -1],
2.4032191640000002:[0, -1],
2.403573852:[0, -1],
2.403992914:[0, -1],
2.40436333:[0, -1],
2.404734893:[0, -1],
2.405112913:[0, -1],
2.4054677570000003:[0, -1],
2.405824475:[0, -1],
2.406177705:[0, -1],
2.406531454:[0, -1],
2.40688406:[0, -1],
2.407238539:[0, -1],
2.407589894:[0, -1],
2.40794328:[0, -1],
2.408413019:[0, -1],
2.4087676030000003:[0, -1],
2.409124323:[0, -1],
2.40947901:[0, -1],
2.409828906:[0, -1],
2.410182187:[0, -1],
2.410534949:[0, -1],
2.410886981:[0, -1],
2.411240366:[0, -1],
2.411591304:[0, -1],
2.412452659:[0, -1],
2.412963285:[0, -1],
2.4133230230000002:[0, -1],
2.4136812:[0, -1],
2.414034013:[0, -1],
2.414391253:[0, -1],
2.414743805:[0, -1],
2.4150975040000002:[0, -1],
2.415452191:[0, -1],
2.415807243:[0, -1],
2.41616037:[0, -1],
2.4165113590000002:[0, -1],
2.416867922:[0, -1],
2.417288651:[0, -1],
2.417640473:[0, -1],
2.417994223:[0, -1],
2.418350056:[0, -1],
2.418704067:[0, -1],
2.419056775:[0, -1],
2.419430004:[0, -1],
2.41986839:[0, -1],
2.42025037:[0, -1],
2.420628546:[0, -1],
