0,0,1,1,1,33,4,1825
1,1,1,0,1,23,1,1582
2,0,1,0,1,23,1,2706
3,0,1,0,1,23,0,2793
4,0,1,0,1,22,3,1958
5,0,1,0,1,23,0,1886
6,0,1,0,1,23,0,2170
7,1,1,0,1,28,0,1977
8,0,1,0,1,31,0,1991
9,0,1,0,1,35,0,1381
10,0,1,0,1,33,0,1995
11,0,1,0,1,36,0,2147
12,0,1,0,1,42,0,504
13,0,1,0,1,45,0,406
14,0,1,0,1,44,0,333
15,0,1,0,1,44,0,250
16,0,1,0,1,43,2,520
17,0,1,0,1,31,0,1590
18,0,1,0,1,29,0,2183
19,0,1,0,1,30,0,1297
20,0,1,0,1,27,0,1333
21,0,1,0,1,29,0,1234
22,0,1,0,1,35,0,867
23,0,1,0,1,27,0,1454
24,0,1,0,1,27,0,2241
25,0,1,0,1,34,0,1774
26,0,1,1,1,39,0,1558
27,0,1,0,0,43,0,255
28,0,1,0,0,31,0,500
29,0,1,0,0,37,0,361
30,0,1,0,0,38,0,561
31,0,1,0,0,43,0,582
32,0,1,0,0,45,0,754
33,0,1,0,0,28,0,473
34,0,1,0,0,28,0,535
35,0,1,0,0,34,0,398
36,0,1,0,0,34,0,626
37,0,1,0,0,37,0,487
38,0,1,0,0,43,0,672
39,0,1,0,0,28,0,2349
40,0,1,0,0,34,0,405
41,0,1,0,0,43,0,319
42,0,1,0,0,42,1,196
43,0,1,0,0,27,15,170
44,0,1,0,0,25,15,454
45,0,1,0,0,27,0,911
46,0,1,0,0,25,0,1664
47,0,1,0,0,27,0,526
48,0,1,0,0,25,3,592
49,0,1,0,0,21,2,342
50,0,1,0,0,21,0,641
51,0,1,0,0,22,0,572
52,0,1,0,0,23,0,1407
53,0,1,0,0,27,0,1897
54,0,1,0,0,30,0,557
55,0,1,0,0,24,0,484
56,0,1,0,0,24,0,557
57,0,1,0,0,24,0,569
58,0,1,0,0,26,0,586
59,0,1,0,0,27,0,1464
60,0,1,0,0,30,0,1792
61,0,1,0,0,32,0,551
62,0,1,0,0,35,0,302
63,0,1,0,0,25,0,453
64,0,1,0,0,24,0,572
65,0,1,0,0,24,0,599
66,0,1,0,0,31,0,1872
67,0,1,0,0,36,0,2127
68,0,1,1,0,35,0,2646
69,0,1,0,0,32,2,425
70,0,1,0,0,24,0,661
71,0,1,0,0,26,0,674
72,0,1,0,0,28,0,770
73,0,1,0,0,24,5,1363
74,0,1,0,0,22,7,1205
75,0,1,0,0,24,1,440
76,0,1,0,0,25,0,600
77,0,1,0,0,25,0,481
78,0,1,0,0,33,0,649
79,0,1,0,0,22,0,827
80,0,1,0,0,23,0,1823
81,0,1,0,0,20,1,1553
82,0,1,0,0,22,0,434
83,0,1,0,0,20,1,580
84,0,1,0,0,28,0,625
85,0,1,0,0,29,0,494
86,0,1,0,0,28,0,532
87,0,1,0,0,28,0,1476
88,0,1,0,0,33,0,2000
89,0,1,0,0,33,0,509
90,0,1,0,0,37,1,498
91,0,1,0,0,23,0,452
92,0,1,0,0,21,0,536
93,0,1,0,0,21,0,532
94,0,1,0,0,22,0,1002
95,0,1,0,0,25,0,1805
96,0,1,0,0,26,1,574
97,0,1,0,0,24,15,652
98,0,1,0,0,22,3,394
99,0,1,0,0,23,0,491
100,0,1,0,0,19,0,852
101,0,1,0,1,21,0,1358
102,0,1,0,1,22,0,1745
103,0,1,0,1,22,0,1131
104,0,1,0,1,23,0,1323
105,0,1,0,1,24,0,1099
106,0,1,0,1,24,2,1028
107,0,1,1,1,21,0,1711
108,0,1,1,1,20,0,2036
109,0,1,1,1,23,0,1499
110,0,1,1,1,29,0,2218
111,0,1,0,1,21,0,1245
112,0,1,0,1,21,1,1656
113,0,1,0,1,22,0,1463
114,0,1,1,1,23,1,1848
115,0,1,0,1,21,0,1261
116,0,1,0,1,22,0,1436
117,0,1,0,0,29,15,551
118,0,1,0,0,19,2,516
119,0,1,0,0,18,0,584
120,0,1,0,0,18,12,458
121,0,1,0,0,12,8,317
122,0,1,0,0,16,0,857
123,0,1,0,0,17,0,1113
124,0,1,0,0,18,3,355
125,0,1,0,0,17,0,376
126,0,1,0,0,18,0,387
127,0,0,0,0,18,2,499
128,0,1,0,0,14,15,410
129,0,1,0,0,19,0,985
130,0,0,0,0,21,0,1184
131,0,1,0,0,21,0,323
132,0,1,0,0,23,0,311
133,0,1,0,0,24,0,506
134,0,1,0,0,25,0,585
135,0,1,0,0,27,0,650
136,0,1,0,0,24,0,1162
137,0,1,0,0,25,0,1551
138,0,1,0,0,22,0,454
139,0,1,0,0,24,0,489
140,0,1,0,0,26,0,514
141,0,1,0,0,26,0,295
142,0,0,0,0,22,0,587
143,0,0,0,0,25,0,1135
144,0,0,0,0,24,1,1238
145,0,0,0,0,20,9,242
146,0,0,0,0,18,5,232
147,0,0,0,0,18,0,280
148,0,0,0,0,21,0,144
149,0,0,0,0,21,0,339
150,0,0,0,0,15,5,602
151,0,0,0,0,16,1,514
152,0,0,0,0,18,0,284
153,0,0,0,0,18,0,347
154,0,0,0,0,18,1,276
155,0,0,0,0,18,0,390
156,0,0,0,0,18,0,358
157,0,0,0,0,19,0,772
158,0,0,0,0,17,0,1192
159,0,0,1,0,15,0,979
160,0,0,0,0,19,0,379
161,0,0,0,0,17,0,265
162,0,0,0,0,17,4,295
163,0,0,0,0,14,7,282
164,0,0,0,0,15,0,620
165,0,0,0,0,16,0,617
166,0,0,0,0,17,2,267
167,0,0,0,0,15,0,284
168,0,0,0,0,17,0,255
169,0,0,0,0,16,0,260
170,0,0,0,0,18,9,386
171,0,0,0,0,16,0,615
172,0,0,0,0,17,13,709
173,0,0,0,0,13,15,270
174,0,0,0,0,16,6,305
175,0,0,0,0,16,2,262
176,0,0,0,0,16,0,227
177,0,0,0,0,17,15,237
178,0,0,0,0,13,2,400
179,0,0,0,0,14,1,550
180,0,0,0,0,15,6,263
181,0,0,0,0,16,1,400
182,0,0,0,0,17,0,358
183,0,0,0,0,16,0,423
184,0,0,0,0,16,3,507
185,0,0,0,1,14,15,758
186,0,0,0,1,16,0,674
187,0,0,0,1,15,0,791
188,0,0,0,1,19,13,314
189,0,0,0,1,11,15,383
190,0,0,0,1,14,0,379
191,0,0,0,1,16,2,464
192,0,0,0,1,14,0,816
193,0,0,0,1,14,0,821
194,0,0,0,1,12,2,424
195,0,0,0,1,13,3,403
196,0,0,0,1,17,5,443
197,0,0,0,1,13,8,292
198,0,0,0,1,14,0,414
199,0,0,0,1,13,0,726
200,0,0,0,1,15,0,639
201,0,0,0,0,17,0,284
202,0,0,0,0,19,0,229
203,0,0,0,0,16,15,385
204,0,0,0,0,16,2,256
205,0,0,0,0,16,3,392
206,0,0,0,0,16,0,654
207,0,0,0,0,17,0,892
208,0,0,0,0,17,0,350
209,0,0,0,0,17,3,274
210,0,0,0,0,17,0,300
211,0,0,0,0,16,15,386
212,0,0,0,0,13,2,270
213,0,0,0,0,14,0,575
214,0,0,0,0,15,0,733
215,0,0,0,0,15,0,242
216,0,0,0,0,17,0,377
217,0,0,0,0,16,0,302
218,0,0,0,0,17,0,248
219,0,0,0,0,18,0,349
220,0,0,0,0,18,0,622
221,0,0,0,0,15,0,780
222,0,0,0,0,13,0,295
223,0,0,0,0,14,0,363
224,0,0,0,0,14,0,328
225,0,0,0,0,16,0,411
226,0,0,0,0,20,0,410
227,0,0,0,0,14,2,763
228,0,0,0,0,16,0,748
229,0,0,0,0,15,0,294
230,0,0,0,0,15,0,275
231,0,0,0,0,15,0,308
232,0,0,0,0,19,0,347
233,0,0,0,0,21,0,704
234,0,0,0,0,18,0,448
235,0,0,0,0,16,0,982
236,0,0,0,0,19,0,313
237,0,0,0,0,19,0,294
238,0,0,0,0,22,0,297
239,0,0,0,0,24,0,375
240,0,0,0,0,25,0,313
241,0,0,0,0,25,0,591
242,0,0,0,0,23,7,808
243,0,0,0,0,16,6,310
244,0,0,0,0,16,0,289
245,0,0,0,0,15,5,287
246,0,0,0,0,16,0,422
247,0,0,0,0,19,0,309
248,0,0,0,0,21,0,741
249,0,0,0,0,23,0,712
250,0,0,0,0,25,5,379
251,0,0,0,0,21,1,318
252,0,0,0,0,18,1,420
253,0,0,0,0,18,0,420
254,0,0,0,0,18,0,415
255,0,0,0,0,22,0,857
256,0,0,0,0,27,0,787
257,0,0,0,0,18,0,454
258,0,0,0,0,18,2,417
259,0,0,0,0,17,0,459
260,0,0,0,0,15,2,423
261,0,0,0,0,19,0,381
262,0,0,0,0,23,0,788
263,0,0,0,0,24,0,916
264,0,0,0,0,27,0,469
265,0,0,0,0,27,1,549
266,0,0,0,0,23,0,541
267,0,0,0,0,17,1,539
268,0,0,0,0,22,0,682
269,0,0,0,1,31,0,656
270,0,0,0,1,30,0,968
271,0,0,0,1,22,0,705
272,0,0,0,1,21,1,592
273,0,0,0,1,19,0,832
274,0,0,0,1,20,0,782
275,0,0,0,1,27,0,753
276,0,0,0,1,32,0,1002
277,0,0,0,1,29,0,977
278,0,0,1,1,29,0,994
279,0,0,0,1,19,0,618
280,0,0,0,1,21,0,694
281,0,1,0,1,29,0,781
282,0,1,0,1,32,0,750
283,0,1,0,1,22,0,997
284,0,1,0,1,22,0,1398
285,0,1,0,0,17,0,743
286,0,1,0,0,17,0,439
287,0,1,0,0,18,0,506
288,0,1,0,0,19,0,568
289,0,1,0,0,28,0,864
290,0,1,0,0,33,0,1841
291,0,1,0,0,33,0,1927
292,0,1,0,0,33,0,673
293,0,1,0,0,37,0,506
294,0,1,0,0,32,0,724
295,0,1,0,0,24,0,883
296,0,1,0,0,33,0,888
297,0,1,0,0,26,0,2262
298,0,1,0,0,29,4,2205
299,0,1,0,0,20,0,793
300,0,1,0,0,22,0,898
301,0,1,0,0,25,0,574
302,0,1,0,0,28,0,671
303,0,1,0,0,35,2,834
304,0,1,0,0,18,0,1866
305,0,1,0,0,20,0,2897
306,0,1,0,0,29,0,882
307,0,1,0,0,23,0,761
308,0,1,0,0,21,0,911
309,0,1,0,0,29,0,712
310,0,1,0,0,37,0,440
311,0,1,0,0,22,1,1886
312,0,1,0,0,23,0,3093
313,0,1,0,0,27,0,1020
314,0,1,0,0,28,0,769
315,0,1,0,0,35,0,675
316,0,0,0,0,39,0,393
317,0,1,0,0,24,0,1084
318,0,1,0,0,25,6,2080
319,0,1,0,0,21,0,2544
320,0,1,0,0,23,0,743
321,0,1,0,0,24,0,912
322,0,1,0,0,33,0,559
323,0,1,0,0,24,7,573
324,0,1,0,0,27,2,855
325,0,1,0,0,24,7,1113
326,0,1,0,0,28,0,2484
327,0,1,0,0,23,0,1110
328,0,1,0,0,22,0,950
329,0,1,0,0,26,0,1045
330,0,1,0,0,29,0,1055
331,0,1,0,0,32,0,1410
332,0,1,0,0,36,0,2048
333,0,1,0,0,31,0,2153
334,0,1,0,0,25,0,913
335,0,1,0,0,29,0,823
336,0,1,0,0,33,0,820
337,0,1,0,0,25,0,713
338,0,1,0,0,25,0,1024
339,0,1,0,0,24,0,2613
340,0,1,0,0,25,0,2301
341,0,1,0,0,30,0,1027
342,0,1,0,0,32,0,680
343,0,1,0,0,23,3,823
344,0,1,0,0,26,0,937
345,0,1,0,0,31,0,1088
346,0,1,0,1,36,0,1909
347,0,1,0,1,29,0,2161
348,0,1,0,1,29,0,1110
349,0,1,0,1,24,0,1445
350,0,1,0,1,24,0,1505
351,0,1,0,1,24,0,1348
352,0,1,0,1,24,0,1608
353,0,1,0,1,30,0,2330
354,0,1,0,1,36,0,2449
355,0,1,0,1,26,2,2012
356,0,1,0,1,24,0,2686
357,0,1,0,1,24,0,2164
358,0,1,1,1,23,0,1762
359,0,1,0,1,26,0,2726
360,0,1,0,1,30,1,3066
361,0,1,0,1,23,0,2697
362,0,1,0,1,24,0,3065
363,0,1,0,1,28,0,2378
364,0,1,1,1,37,0,1944
365,0,1,0,1,44,0,732
366,0,1,0,1,38,0,866
367,0,1,0,1,31,0,1922
368,0,1,0,1,35,0,1319
369,0,1,0,1,39,0,812
370,0,1,0,1,42,8,588
371,0,1,0,1,27,3,789
372,0,1,0,1,21,9,969
373,0,1,0,1,20,2,765
374,0,1,0,1,28,0,1788
375,0,1,0,1,30,15,1157
376,0,1,0,1,21,2,791
377,0,1,0,1,24,0,1118
378,0,1,0,1,24,0,1485
379,0,1,0,1,26,0,1620
380,0,1,0,1,25,0,2623
381,0,1,0,1,26,0,2500
382,0,1,0,1,32,0,1189
383,0,1,0,1,33,1,1056
384,0,1,0,1,28,0,1450
385,0,1,0,1,32,0,1151
386,0,1,0,1,26,0,1304
387,0,1,0,1,25,0,2435
388,0,1,0,1,22,0,2873
389,0,1,1,1,21,0,2406
390,0,1,0,0,23,0,679
391,0,1,0,0,26,0,526
392,0,1,0,0,30,0,625
393,0,1,0,0,29,0,665
394,0,1,0,0,24,0,1762
395,0,1,0,0,22,0,1884
396,0,1,0,0,24,0,538
397,0,1,0,0,29,0,458
398,0,1,0,0,26,0,566
399,0,1,0,0,30,0,399
400,0,1,0,0,38,0,707
401,0,1,0,0,39,0,973
402,0,1,0,0,33,0,1512
403,0,1,0,0,31,0,514
404,0,1,0,0,34,0,511
405,0,1,0,0,35,0,497
406,0,1,0,0,37,0,565
407,0,1,0,0,35,0,517
408,0,1,0,0,42,0,1294
409,0,1,0,0,39,0,1184
410,0,1,0,0,28,0,889
411,0,1,0,0,30,0,627
412,0,1,0,0,31,0,624
413,0,1,0,0,37,0,631
414,0,1,0,0,39,0,748
415,0,1,0,0,40,0,851
416,0,1,0,0,40,0,817
417,0,1,0,0,27,0,546
418,0,1,0,0,25,0,649
419,0,1,0,0,28,0,395
420,0,1,0,0,31,0,569
421,0,1,0,0,35,1,389
422,0,1,0,0,35,0,1264
423,0,1,0,0,25,0,2065
424,0,1,0,0,30,0,673
425,0,1,0,0,30,0,632
426,0,1,0,0,24,0,243
427,0,1,0,0,24,0,588
428,0,1,0,0,24,0,630
429,0,1,0,0,24,0,1826
430,0,1,0,0,24,0,2662
431,0,1,1,0,25,0,2508
432,0,1,0,0,25,0,604
433,0,1,0,0,25,0,607
434,0,1,0,0,26,0,432
435,0,1,0,0,25,0,577
436,0,1,0,0,29,0,1762
437,0,1,0,0,25,0,2121
438,0,1,0,0,34,0,577
439,0,1,0,0,27,1,616
440,0,1,0,0,28,0,633
441,0,1,0,0,27,0,555
442,0,1,0,0,24,0,938
443,0,1,0,0,25,0,1801
444,0,1,0,0,31,0,1975
445,0,1,0,0,23,0,722
446,0,1,0,0,19,0,593
447,0,1,0,0,23,1,463
448,0,1,0,0,19,0,565
449,0,1,0,0,20,0,626
450,0,1,0,0,23,0,1487
451,0,1,0,0,25,0,2012
452,0,1,0,0,26,0,777
453,0,1,0,0,32,0,676
454,0,1,0,0,30,1,671
455,0,1,0,0,21,0,859
456,0,1,1,0,23,0,2089
457,0,1,1,0,24,0,2239
458,0,1,1,0,22,12,2350
459,0,1,1,0,16,13,1491
460,0,1,0,0,17,0,679
461,0,1,0,0,20,0,732
462,0,1,0,0,18,0,687
463,0,1,0,0,21,0,963
464,0,1,0,1,26,0,1527
465,0,1,0,1,24,0,2037
466,0,1,0,1,27,0,711
467,0,1,0,1,30,0,1024
468,0,1,0,1,24,0,1055
469,0,1,0,1,19,11,771
470,0,1,0,1,17,0,716
471,0,1,0,1,19,5,1156
472,0,1,0,1,17,0,1448
473,0,1,0,1,17,0,1092
474,0,1,0,1,19,0,876
475,0,1,0,1,21,0,1059
476,0,1,0,1,20,2,805
477,0,1,0,1,17,13,489
478,0,1,1,1,16,1,1021
479,0,1,0,1,17,0,1505
480,0,1,0,0,18,0,522
481,0,1,0,0,17,0,498
482,0,1,0,0,18,0,847
483,0,1,0,0,22,0,611
484,0,1,0,0,23,0,726
485,0,1,0,0,21,0,1197
486,0,1,0,0,22,0,1276
487,0,0,0,0,28,2,597
488,0,0,0,0,17,1,609
489,0,0,0,0,18,1,340
490,0,0,0,0,17,4,359
491,0,0,0,0,17,6,318
492,0,0,0,0,18,4,645
493,0,0,0,0,19,4,605
494,0,0,0,0,17,4,463
495,0,0,0,0,16,2,295
496,0,0,0,0,15,0,448
497,0,0,0,0,16,0,315
498,0,0,0,0,16,0,400
499,0,0,0,0,18,0,541
500,0,0,0,0,23,0,753
501,0,0,0,0,22,15,342
502,0,0,0,0,20,3,379
503,0,0,0,0,16,0,219
504,0,0,0,0,14,0,193
505,0,0,0,0,17,0,405
506,0,0,0,0,18,0,501
507,0,0,0,0,18,0,766
508,0,0,0,0,21,1,361
509,0,0,0,0,21,0,415
510,0,0,0,0,20,0,359
511,0,0,0,0,19,3,314
512,0,0,0,0,17,0,380
513,0,0,0,0,16,3,666
514,0,0,0,0,17,0,702
515,0,0,0,0,14,0,376
516,0,0,0,0,14,0,209
517,0,0,0,0,16,1,311
518,0,0,0,0,17,0,233
519,0,0,0,0,17,0,465
520,0,0,0,0,21,0,897
521,0,0,0,0,17,0,1173
522,0,0,1,0,18,3,1317
523,0,0,0,0,16,0,308
524,0,0,0,0,14,0,219
525,0,0,0,0,14,0,352
526,0,0,0,0,20,0,366
527,0,0,0,0,20,0,619
528,0,0,0,0,19,1,592
529,0,0,0,0,16,1,317
530,0,0,0,0,16,0,201
531,0,0,0,0,17,1,290
532,0,0,0,0,16,0,340
533,0,0,0,0,15,0,339
534,0,0,0,0,14,0,485
535,0,0,0,0,15,0,681
536,0,0,0,0,18,0,349
537,0,0,0,0,18,0,202
538,0,0,0,0,14,0,364
539,0,0,0,0,14,0,262
540,0,0,0,0,16,0,450
541,0,0,0,0,16,0,644
542,0,0,0,0,14,0,460
543,0,0,0,0,15,0,511
544,0,0,0,0,16,0,464
545,0,0,0,0,14,0,448
546,0,0,0,1,17,0,1004
547,0,0,0,1,17,6,897
548,0,0,0,1,16,5,624
549,0,0,0,1,15,1,604
550,0,0,0,1,17,0,568
551,0,0,0,1,19,3,473
552,0,0,0,1,15,15,671
553,0,0,0,1,12,5,784
554,0,0,0,1,12,4,653
555,0,0,0,1,15,1,538
556,0,0,0,1,14,6,406
557,0,0,0,1,13,1,439
558,0,0,0,1,14,0,491
559,0,0,0,1,13,0,629
560,0,0,0,1,14,0,617
561,0,0,0,1,13,0,739
562,0,0,0,0,13,0,415
563,0,0,0,0,14,4,486
564,0,0,0,0,16,1,406
565,0,0,0,0,18,1,340
566,0,0,0,0,16,2,366
567,0,0,0,0,15,11,635
568,0,0,0,0,12,1,785
569,0,0,0,0,14,2,254
570,0,0,0,0,13,0,209
571,0,0,0,0,14,0,379
572,0,0,0,0,15,0,255
573,0,0,0,0,16,11,419
574,0,0,0,0,12,7,568
575,0,0,0,0,14,3,744
576,0,0,0,0,14,1,272
577,0,0,0,0,13,4,396
578,0,0,0,0,14,1,361
579,0,0,0,0,13,1,335
580,0,0,0,0,11,0,363
581,0,0,0,0,17,0,770
582,0,0,0,0,19,0,802
583,0,0,0,0,16,3,351
584,0,0,0,0,16,6,176
585,0,0,0,0,15,4,416
586,0,0,0,0,16,1,357
587,0,0,0,0,15,1,334
588,0,0,0,0,15,0,637
589,0,0,0,0,16,0,807
590,0,0,0,0,16,0,400
591,0,0,0,0,14,0,308
592,0,0,0,0,19,0,342
593,0,0,0,0,23,3,280
594,0,0,0,0,21,1,273
595,0,0,0,0,18,0,747
596,0,0,0,0,17,0,702
597,0,0,0,0,14,0,233
598,0,0,0,0,15,0,432
599,0,0,0,0,16,1,293
600,0,0,0,0,14,1,344
601,0,0,0,0,14,0,347
602,0,0,0,0,15,0,615
603,0,0,0,0,17,0,753
604,0,0,0,0,20,0,300
605,0,0,0,0,20,8,291
606,0,0,0,0,14,11,314
607,0,0,0,0,16,0,372
608,0,0,0,0,14,0,326
609,0,0,0,0,18,0,552
610,0,0,0,0,17,1,549
611,0,0,0,0,15,3,312
612,0,0,0,0,17,2,274
613,0,0,0,0,15,0,302
614,0,0,0,0,20,0,397
615,0,0,0,0,25,0,493
616,0,0,0,0,27,0,554
617,0,0,0,0,29,0,669
618,0,0,0,0,20,1,428
619,0,0,0,0,17,0,359
620,0,0,0,0,19,15,643
621,0,0,0,0,17,0,473
622,0,0,0,0,17,0,354
623,0,0,0,0,21,0,837
624,0,0,0,0,25,2,946
625,0,0,0,0,16,1,438
626,0,0,0,0,16,0,527
627,0,0,0,0,16,0,836
628,0,0,0,0,16,0,682
629,0,0,0,0,20,0,629
630,0,0,0,1,22,0,1033
631,0,0,0,1,25,0,972
632,0,0,0,1,20,0,790
633,0,0,0,1,18,0,806
634,0,0,0,1,22,0,694
635,0,0,0,1,24,0,727
636,0,0,0,1,31,0,751
637,0,0,0,1,33,0,838
638,0,0,0,1,30,0,1075
639,0,0,1,1,36,0,989
640,0,0,0,1,24,0,535
641,0,0,0,1,21,0,483
642,0,0,0,1,30,0,387
643,0,1,0,1,35,0,574
644,0,1,0,1,29,0,682
645,0,1,0,1,21,0,955
646,0,1,0,0,20,0,439
647,0,1,0,0,22,0,538
648,0,1,0,0,30,0,476
649,0,1,0,0,36,1,428
650,0,1,0,0,21,3,545
651,0,1,0,0,25,0,1440
652,0,1,0,0,30,0,1902
653,0,1,0,0,33,0,674
654,0,1,0,0,25,5,635
655,0,1,0,0,19,0,484
656,0,1,0,0,20,0,733
657,0,1,0,0,24,0,1075
658,0,1,0,0,33,0,1945
659,0,1,0,0,25,0,2305
660,0,1,0,0,21,0,652
661,0,1,0,0,25,0,567
662,0,0,0,0,28,0,412
663,0,1,0,0,34,0,774
664,0,1,0,0,28,0,787
665,0,1,0,0,28,0,1881
666,0,1,0,0,25,0,2404
667,0,1,0,0,24,0,906
668,0,1,0,0,28,5,558
669,0,1,0,0,26,2,605
670,0,1,0,0,21,1,705
671,0,1,0,0,22,0,1023
672,0,1,0,0,28,0,2264
673,0,1,0,0,36,0,1480
674,0,1,0,0,37,0,729
675,0,1,0,0,26,0,681
676,0,1,0,0,27,0,841
677,0,1,0,0,28,0,495
678,0,1,0,0,22,0,1073
679,0,1,0,0,22,0,2424
680,0,1,0,0,25,0,2506
681,0,1,0,0,31,0,931
682,0,1,0,0,36,0,732
683,0,1,0,0,40,0,508
684,0,1,0,0,37,0,696
685,0,1,0,0,23,0,1051
686,0,1,0,0,22,0,2854
687,0,1,0,0,21,0,2590
688,0,1,0,0,23,0,1098
689,0,1,0,0,29,0,968
690,0,0,0,0,32,1,842
691,0,1,0,0,20,0,1165
692,0,1,0,0,22,0,1033
693,0,1,0,0,24,0,2172
694,0,1,0,0,29,0,3009
695,0,1,0,0,35,0,1147
696,0,1,0,0,20,1,652
697,0,1,0,0,21,0,975
698,0,1,0,0,28,0,975
699,0,1,0,0,35,0,973
700,0,1,0,0,40,0,1312
701,0,1,0,0,42,0,1026
702,0,1,0,0,39,6,882
703,0,1,0,0,26,0,720
704,0,1,0,0,26,0,1133
705,0,1,0,0,26,0,944
706,0,1,0,0,23,0,1179
707,0,1,0,1,24,0,2539
708,0,1,0,1,33,0,2707
709,0,1,0,1,37,0,1236
710,0,1,0,1,36,0,1030
711,0,1,0,1,41,0,1122
712,0,1,0,1,43,0,725
713,0,1,0,1,41,0,182
714,0,1,0,1,43,3,1005
715,0,1,0,1,24,2,2278
716,0,1,0,1,24,0,1977
717,0,1,0,1,32,0,2080
718,0,1,0,1,35,0,2300
719,0,1,0,1,39,1,1575
720,0,1,0,1,24,0,1873
721,0,1,0,1,26,0,2678
722,0,1,1,1,29,0,2953
723,0,1,0,1,34,0,1539
724,0,1,0,1,38,0,1215
725,0,1,0,1,41,0,1605
726,0,1,1,1,35,0,1693
727,0,1,0,1,27,0,2687
728,0,1,0,1,29,0,2893
729,0,1,0,1,32,0,1821
730,0,1,0,1,30,0,1966
731,0,1,0,1,30,0,2148
732,0,1,0,1,31,0,2065
733,0,1,0,1,31,0,1444
734,0,1,0,1,35,0,2287
735,0,1,0,1,38,0,1510
736,0,1,0,1,38,0,952
737,0,1,0,1,40,0,603
738,0,1,0,1,35,0,837
739,0,1,0,1,24,0,1698
740,0,1,0,1,26,0,1923
741,0,1,0,1,30,0,2412
742,0,1,0,1,37,0,1312
743,0,1,0,1,39,0,354
744,0,1,0,1,36,0,300
745,0,1,0,1,34,0,1014
746,0,1,0,1,37,8,1124
747,0,1,0,1,30,8,1032
748,0,1,0,1,26,0,2345
749,0,1,0,1,29,0,2319
750,0,1,0,1,30,0,775
751,0,1,1,1,33,0,2239
752,0,1,0,1,33,0,961
753,0,1,0,1,26,15,1165
754,0,1,0,1,20,15,714
755,0,1,0,1,24,0,1475
756,0,1,0,1,25,0,2312
757,0,1,0,0,33,13,629
758,0,0,0,0,25,5,208
759,0,1,0,0,23,0,547
760,0,1,0,0,24,0,718
761,0,1,0,0,30,0,765
762,0,1,0,0,33,0,1447
763,0,1,0,0,31,0,1696
764,0,1,0,0,30,0,611
765,0,1,0,0,35,0,674
766,0,1,0,0,35,0,494
767,0,1,0,0,32,0,480
768,0,1,0,0,34,0,593
769,0,1,0,0,29,0,1807
770,0,1,0,0,25,0,2625
771,0,1,0,0,24,0,612
772,0,1,0,0,24,0,579
773,0,1,0,0,26,0,739
774,0,1,0,0,28,0,541
775,0,1,0,0,25,0,750
776,0,1,0,0,26,0,1820
777,0,1,0,0,37,0,1528
778,0,1,0,0,40,0,512
779,0,1,0,0,37,0,429
780,0,1,0,0,28,0,488
781,0,1,0,0,26,0,580
782,0,1,0,0,25,0,905
783,0,1,0,0,25,0,1613
784,0,1,0,0,30,0,2007
785,0,1,0,0,31,0,465
786,0,1,0,0,33,0,440
787,0,1,0,0,35,0,622
788,0,1,0,0,34,0,464
789,0,1,0,0,33,0,550
790,0,1,0,0,39,0,1041
791,0,1,0,0,38,15,1149
792,0,1,0,0,31,0,621
793,0,1,0,0,37,0,383
794,0,1,0,0,30,15,471
795,0,1,0,0,29,2,550
796,0,0,0,0,31,0,576
797,0,1,0,0,31,0,1470
798,0,1,0,0,32,0,2067
799,0,1,1,0,27,0,3012
800,0,1,0,0,30,0,601
801,0,1,0,0,33,0,402
802,0,1,0,0,35,8,395
803,0,1,0,0,21,0,632
804,0,1,0,0,22,0,1536
805,0,1,0,0,24,0,2146
806,0,0,0,0,25,0,518
807,0,0,0,0,30,0,474
808,0,0,0,0,25,0,387
809,0,1,0,0,28,1,461
810,0,1,1,0,23,0,1396
811,0,1,1,0,21,0,2159
812,0,1,1,0,22,0,1546
813,0,1,1,0,23,0,1183
814,0,1,0,0,22,0,586
815,0,1,0,0,20,0,891
816,0,1,0,0,24,0,406
817,0,1,0,0,29,0,479
818,0,1,0,0,24,0,1378
819,0,1,0,0,23,0,1939
820,0,1,0,0,28,0,727
821,0,1,0,0,28,5,632
822,0,1,0,0,20,0,417
823,0,1,0,0,20,0,775
824,0,1,0,0,21,0,719
825,0,1,0,0,22,0,1342
826,0,1,0,0,23,0,1634
827,0,1,0,0,23,0,770
828,0,1,0,0,24,0,906
829,0,1,0,0,24,0,867
830,0,1,0,0,27,0,851
831,0,1,0,0,29,0,905
832,0,1,0,1,21,0,1381
833,0,1,0,1,22,0,1954
834,0,1,0,1,26,0,1107
835,0,1,0,1,30,0,1257
836,0,1,0,1,30,0,1082
837,0,0,0,1,24,0,692
838,0,0,0,1,20,0,726
839,0,1,0,1,20,0,2005
840,0,1,0,1,25,0,2588
841,0,1,1,1,28,0,1602
842,0,1,0,1,30,0,979
843,0,1,0,1,28,0,941
844,0,1,0,1,27,4,786
845,0,1,0,1,24,0,699
846,0,1,0,1,26,2,1448
847,0,1,0,1,18,0,1295
848,0,1,0,0,20,1,491
849,0,1,0,0,20,5,484
850,0,1,0,0,19,0,480
851,0,1,0,0,25,0,540
852,0,1,0,0,25,0,685
853,0,1,0,0,24,0,835
854,0,1,0,0,20,1,963
855,0,0,0,0,18,15,318
856,0,1,0,0,18,1,357
857,0,1,0,0,19,5,417
858,0,1,0,0,19,0,255
859,0,0,0,0,21,0,438
860,0,1,0,0,23,0,1097
861,0,1,0,0,21,1,1514
862,0,1,0,0,22,0,552
863,0,1,0,0,20,0,443
864,0,1,0,0,20,0,426
865,0,1,0,0,19,0,396
866,0,1,0,0,19,0,460
867,0,1,0,0,24,0,947
868,0,1,0,0,23,7,823
869,0,1,0,0,19,0,482
870,0,1,0,0,21,3,393
871,0,1,0,0,15,15,405
872,0,1,0,0,17,3,478
873,0,0,0,0,16,15,387
874,0,1,0,0,17,0,899
875,0,0,0,0,16,1,1125
876,0,0,0,0,18,0,338
877,0,0,0,0,18,0,475
878,0,0,0,0,20,0,277
879,0,0,0,0,19,15,361
880,0,0,0,0,18,0,427
881,0,0,0,0,17,0,819
882,0,0,0,0,16,11,690
883,0,0,0,0,16,2,349
884,0,0,0,0,17,4,344
885,0,0,0,0,18,5,306
886,0,0,0,0,16,2,308
887,0,0,0,0,16,2,559
888,0,0,0,0,16,0,874
889,0,0,0,0,15,0,1388
890,0,0,1,0,15,0,1320
891,0,0,0,0,21,0,447
892,0,0,0,0,20,2,411
893,0,0,0,0,16,4,344
894,0,0,0,0,17,0,399
895,0,0,0,0,15,0,677
896,0,0,0,0,15,1,809
897,0,0,0,0,15,4,391
898,0,0,0,0,14,12,319
899,0,0,0,0,17,3,434
900,0,0,0,0,13,15,261
901,0,0,0,0,13,1,385
902,0,0,0,0,14,0,855
903,0,0,0,0,14,3,800
904,0,0,0,0,15,0,402
905,0,0,0,0,16,0,318
906,0,0,0,0,13,2,351
907,0,0,0,0,14,3,428
908,0,0,0,0,14,1,411
909,0,0,0,0,16,0,714
910,0,0,0,0,16,0,723
911,0,0,0,0,12,15,515
912,0,0,0,0,14,2,493
913,0,0,0,0,15,2,575
914,0,0,0,0,15,0,535
915,0,0,0,0,14,0,432
916,0,0,0,1,14,7,867
917,0,0,0,1,16,1,783
918,0,0,0,1,16,6,491
919,0,0,0,1,11,7,323
920,0,0,0,1,14,1,458
921,0,0,0,1,14,0,487
922,0,0,0,1,14,0,565
923,0,0,0,1,16,0,802
924,0,0,0,1,17,0,766
925,0,0,0,1,20,0,555
926,0,0,0,1,20,5,395
927,0,0,0,1,19,0,480
928,0,0,0,1,23,1,407
929,0,0,0,1,16,4,492
930,0,0,0,1,14,0,694
931,0,0,0,1,13,11,631
932,0,0,0,0,13,9,274
933,0,0,0,0,12,10,273
934,0,0,0,0,14,0,299
935,0,0,0,0,14,0,321
936,0,0,0,0,16,0,384
937,0,0,0,0,17,4,712
938,0,0,0,0,17,11,740
939,0,0,0,0,14,2,303
940,0,0,0,0,15,0,363
941,0,0,0,0,15,0,329
942,0,0,0,0,13,0,377
943,0,0,0,0,15,0,577
944,0,0,0,0,17,0,640
945,0,0,0,0,20,0,968
946,0,0,0,0,22,1,403
947,0,0,0,0,19,4,349
948,0,0,0,0,15,8,213
949,0,0,0,0,16,0,338
950,0,0,0,0,18,0,456
951,0,0,0,0,16,0,798
952,0,0,0,0,17,0,757
953,0,0,0,0,21,0,331
954,0,0,0,0,23,1,439
955,0,0,0,0,22,0,352
956,0,0,0,0,25,15,420
957,0,0,0,0,14,7,347
958,0,0,0,0,16,0,777
959,0,0,0,0,17,0,702
960,0,0,0,0,18,0,520
961,0,0,0,0,17,0,397
962,0,0,0,0,17,0,347
963,0,0,0,0,16,0,421
964,0,0,0,0,14,0,500
965,0,0,0,0,18,0,738
966,0,0,0,0,22,2,940
967,0,0,0,0,22,6,369
968,0,0,0,0,20,1,338
969,0,0,0,0,17,0,525
970,0,0,0,0,19,0,263
971,0,0,0,0,19,0,506
972,0,0,0,0,16,1,775
973,0,0,0,0,17,0,711
974,0,0,0,0,20,0,508
975,0,0,0,0,23,0,564
976,0,0,0,0,25,1,627
977,0,0,0,0,20,15,370
978,0,0,0,0,17,0,461
979,0,0,0,0,16,0,601
980,0,0,0,0,18,0,816
981,0,0,0,0,13,6,479
982,0,0,0,0,14,15,366
983,0,0,0,0,12,15,216
984,0,0,0,0,15,0,349
985,0,0,0,0,19,0,617
986,0,0,0,0,21,2,620
987,0,0,0,0,14,0,851
988,0,0,0,0,16,0,557
989,0,0,0,0,18,2,564
990,0,0,0,0,14,0,652
991,0,0,0,0,16,0,746
992,0,0,0,0,21,2,652
993,0,0,0,0,17,2,992
994,0,0,0,0,17,0,1056
995,0,0,0,0,18,0,575
996,0,0,0,0,18,0,665
997,0,0,0,0,20,15,301
998,0,0,0,0,16,12,412
999,0,0,0,0,16,4,437
1000,0,0,0,1,22,0,890
1001,0,0,0,1,21,15,927
1002,0,0,1,1,15,12,730
1003,0,0,0,1,16,0,404
1004,0,0,0,1,21,0,616
1005,0,0,0,1,29,0,589
1006,0,0,0,1,24,0,533
1007,0,0,0,1,26,0,862
1008,0,0,0,1,26,2,491
1009,0,0,0,1,17,0,379
1010,0,0,0,1,17,1,481
1011,0,0,0,1,17,1,577
1012,0,0,0,1,20,0,686
1013,0,0,0,1,26,0,509
1014,0,0,0,1,28,1,803
1015,0,0,0,1,15,15,804
1016,0,0,0,0,16,4,341
1017,0,0,0,0,15,4,556
1018,0,0,0,0,20,0,622
1019,0,0,0,0,31,9,511
1020,0,0,0,0,17,0,436
1021,0,0,0,0,16,0,739
1022,0,0,0,0,18,0,864
1023,0,0,0,0,23,0,540
1024,0,0,0,0,28,0,494
1025,0,0,0,0,19,0,322
1026,0,1,0,0,21,0,517
1027,0,1,0,0,22,0,686
1028,0,1,0,0,30,0,1170
1029,0,1,0,0,18,1,1272
1030,0,1,0,0,18,0,635
1031,0,1,0,0,19,0,536
1032,0,1,0,0,20,0,492
1033,0,1,0,0,25,0,717
1034,0,1,0,0,28,0,973
1035,0,1,0,0,19,0,2295
1036,0,1,0,0,25,0,2622
1037,0,1,0,0,26,0,811
1038,0,1,0,0,19,0,859
1039,0,0,0,0,23,0,655
1040,0,0,0,0,25,0,544
1041,0,1,0,0,32,14,750
1042,0,1,0,0,20,15,1468
1043,0,1,0,0,17,2,1497
1044,0,0,0,0,19,0,581
1045,0,0,0,0,20,0,517
1046,0,0,0,0,29,0,586
1047,0,1,0,0,35,0,641
1048,0,0,0,0,26,0,569
1049,0,1,0,0,29,0,2172
1050,0,0,0,0,36,0,1153
1051,0,1,0,0,32,1,693
1052,0,1,0,0,18,0,848
1053,0,1,0,0,21,0,703
1054,0,0,0,0,21,0,628
1055,0,0,0,0,23,0,786
1056,0,1,0,0,25,0,2281
1057,0,0,0,0,28,0,1576
1058,0,0,0,0,30,0,820
1059,0,0,0,0,27,0,471
1060,0,1,0,0,23,0,670
1061,0,1,0,0,24,0,778
1062,0,1,0,0,25,0,1049
1063,0,1,0,0,32,0,2102
1064,0,1,0,0,29,5,1265
1065,0,1,0,0,23,0,979
1066,0,1,0,0,24,0,1082
1067,0,1,0,0,31,8,1010
1068,0,1,0,0,21,1,907
1069,0,1,0,0,22,0,1320
1070,0,1,0,0,26,0,2836
1071,0,1,0,0,31,0,2442
1072,0,1,0,0,37,0,1146
1073,0,1,0,0,36,0,862
1074,0,1,0,0,24,0,1302
1075,0,1,0,0,23,0,1632
1076,0,1,0,0,28,0,1540
1077,0,1,0,1,22,0,2931
1078,0,1,0,1,27,0,3310
1079,0,1,0,1,37,2,1913
1080,0,1,0,1,23,0,2137
1081,0,1,0,1,27,0,2356
1082,0,1,0,1,33,0,2457
1083,0,1,0,1,38,0,2197
1084,0,1,0,1,36,0,1646
1085,0,1,0,1,28,6,1439
1086,0,1,1,1,30,3,1862
1087,0,1,0,1,31,0,3947
1088,0,1,0,1,24,0,3523
1089,0,1,0,1,25,0,1324
1090,0,1,1,1,24,0,2236
1091,0,1,0,1,25,0,3601
1092,0,1,0,1,28,0,2629
1093,0,1,0,1,33,0,1990
1094,0,1,0,1,36,0,1982
1095,0,1,0,1,40,0,1136
1096,0,1,0,1,41,0,1075
1097,0,1,0,1,28,0,2664
1098,0,1,0,1,30,0,1956
1099,0,1,0,1,29,0,2072
1100,0,1,0,1,28,0,2185
1101,0,1,0,1,37,12,1470
1102,0,1,0,1,23,8,579
1103,0,1,0,1,23,0,2957
1104,0,1,0,1,26,0,3000
1105,0,1,0,1,36,0,1369
1106,0,1,0,1,41,0,701
1107,0,1,0,1,27,0,1979
1108,0,1,0,1,38,15,1386
1109,0,1,0,1,24,0,1296
1110,0,1,0,1,27,0,2512
1111,0,1,0,1,34,0,2101
1112,0,1,0,1,33,6,938
1113,0,1,0,1,25,0,1871
1114,0,1,0,1,27,0,1557
1115,0,1,1,1,28,0,2096
1116,0,1,0,1,32,0,1994
1117,0,1,0,1,32,0,2335
1118,0,1,0,1,39,0,1731
1119,0,1,0,0,29,0,558
1120,0,1,0,0,26,0,847
1121,0,1,0,0,26,0,611
1122,0,1,0,0,26,0,838
1123,0,1,0,0,30,0,717
1124,0,1,0,0,30,1,1881
1125,0,1,0,0,25,15,988
1126,0,1,0,0,19,0,338
1127,0,1,0,0,32,0,788
1128,0,1,0,0,42,0,431
1129,0,1,0,0,41,0,424
1130,0,1,0,0,40,0,481
1131,0,1,0,0,34,0,1393
1132,0,1,0,0,23,0,2818
1133,0,1,0,0,24,0,967
1134,0,1,0,0,28,0,1021
1135,0,1,0,0,33,0,615
1136,0,1,0,0,27,0,899
1137,0,1,0,0,23,0,752
1138,0,1,0,0,21,2,1633
1139,0,1,0,0,20,1,1788
1140,0,1,0,0,23,0,684
1141,0,1,0,0,31,0,642
1142,0,1,0,0,30,0,684
1143,0,1,0,0,25,0,690
1144,0,1,0,0,25,0,694
1145,0,1,0,0,25,0,2196
1146,0,1,0,0,27,0,2415
1147,0,1,0,0,35,0,509
1148,0,1,0,0,38,0,289
1149,0,1,0,0,39,0,446
1150,0,1,0,0,36,0,570
1151,0,1,0,0,34,0,604
1152,0,1,0,0,33,0,1541
1153,0,1,0,0,27,0,2427
1154,0,1,0,0,29,0,815
1155,0,1,0,0,32,0,593
1156,0,1,0,0,33,0,718
1157,0,1,0,0,33,0,516
1158,0,1,0,0,32,0,901
1159,0,1,0,0,31,1,2217
1160,0,1,0,0,22,7,1625
1161,0,1,1,0,23,0,3170
1162,0,1,0,0,30,0,986
1163,0,1,0,0,35,0,832
1164,0,1,0,0,23,0,767
1165,0,1,0,0,27,0,854
1166,0,1,0,0,34,0,1696
1167,0,1,0,0,35,0,1773
1168,0,1,0,0,34,15,548
1169,0,1,0,0,30,0,570
1170,0,1,0,0,23,0,517
1171,0,1,0,0,29,0,676
1172,0,1,0,0,33,0,680
1173,0,1,0,0,28,0,1820
1174,0,1,0,0,33,0,1676
1175,0,1,0,0,24,0,505
1176,0,1,0,0,25,0,512
1177,0,1,0,0,23,4,445
1178,0,1,0,0,20,0,609
1179,0,1,0,0,20,0,633
1180,0,1,0,0,22,0,1680
1181,0,1,0,0,21,0,2139
1182,0,1,0,0,22,0,714
1183,0,1,0,0,27,0,637
1184,0,1,0,0,29,0,770
1185,0,1,0,0,29,0,890
1186,0,1,0,0,30,0,940
1187,0,1,0,0,29,3,1769
1188,0,1,0,0,18,1,1293
1189,0,1,0,0,19,0,950
1190,0,1,0,0,21,0,803
1191,0,1,0,0,24,0,966
1192,0,1,0,0,26,0,1142
1193,0,1,1,0,24,0,2409
1194,0,1,1,1,26,0,2463
1195,0,1,1,1,24,0,2756
1196,0,1,1,1,28,0,2765
1197,0,1,0,1,29,0,1508
1198,0,1,0,1,31,0,1455
1199,0,1,0,1,21,5,669
1200,0,1,0,1,23,0,1397
1201,0,1,0,1,24,0,2128
1202,0,1,0,1,25,3,2574
1203,0,1,0,1,20,8,1176
1204,0,1,1,1,21,6,1910
1205,0,0,0,1,16,0,553
1206,0,0,0,1,18,4,499
1207,0,0,0,1,17,3,663
1208,0,0,0,1,18,0,852
1209,0,0,0,1,20,0,877
1210,0,0,0,0,18,3,419
1211,0,0,0,0,17,0,366
1212,0,0,0,0,18,0,434
1213,0,1,0,0,18,0,447
1214,0,1,0,0,20,0,632
1215,0,1,0,0,20,0,962
1216,0,0,0,0,15,0,958
1217,0,0,0,0,17,0,396
1218,0,0,0,0,19,0,308
1219,0,0,0,0,21,0,391
1220,0,0,0,0,21,0,416
1221,0,0,0,0,21,0,550
1222,0,1,0,0,21,0,765
1223,0,1,0,0,21,0,1209
1224,0,0,0,0,23,0,420
1225,0,0,0,0,21,1,527
1226,0,0,0,0,18,5,279
1227,0,0,0,0,21,0,482
1228,0,0,0,0,20,0,536
1229,0,0,0,0,21,0,775
1230,0,0,0,0,23,0,867
1231,0,0,0,0,20,2,373
1232,0,0,0,0,19,4,322
1233,0,0,0,0,19,0,203
1234,0,0,0,0,20,0,464
1235,0,0,0,0,22,0,450
1236,0,0,0,0,20,15,502
1237,0,0,0,0,15,4,718
1238,0,0,0,0,15,15,510
1239,0,0,0,0,15,0,351
1240,0,0,0,0,15,0,360
1241,0,0,0,0,15,0,301
1242,0,0,0,0,17,0,215
1243,0,0,0,0,18,0,739
1244,0,0,0,0,16,0,817
1245,0,0,0,0,18,0,298
1246,0,0,0,0,17,0,311
1247,0,0,0,0,16,0,236
1248,0,0,0,0,17,0,366
1249,0,0,0,0,15,0,352
1250,0,0,0,0,16,0,776
1251,0,0,0,0,16,0,1277
1252,0,0,1,0,18,0,1188
1253,0,0,0,0,18,0,285
1254,0,0,0,0,19,0,285
1255,0,0,0,0,19,0,264
1256,0,0,0,0,15,1,411
1257,0,0,0,0,17,0,448
1258,0,0,0,0,17,0,588
1259,0,0,0,0,19,0,334
1260,0,0,0,0,19,0,242
1261,0,0,0,0,19,0,313
1262,0,0,0,0,20,0,481
1263,0,0,0,0,19,0,413
1264,0,0,0,0,17,0,570
1265,0,0,0,0,15,2,760
1266,0,0,0,0,16,0,323
1267,0,0,0,0,17,0,357
1268,0,0,0,0,16,3,367
1269,0,0,0,0,14,2,394
1270,0,0,0,0,16,0,302
1271,0,0,0,0,17,0,754
1272,0,0,0,0,18,1,786
1273,0,0,0,0,13,9,365
1274,0,0,0,0,16,10,344
1275,0,0,0,0,16,0,348
1276,0,0,0,0,17,6,447
1277,0,0,0,0,14,7,533
1278,0,0,0,1,15,1,776
1279,0,0,0,1,15,0,793
1280,0,0,0,1,17,0,511
1281,0,0,0,1,19,0,477
1282,0,0,0,1,18,0,562
1283,0,0,0,1,18,3,632
1284,0,0,0,1,14,3,419
1285,0,0,0,1,15,0,609
1286,0,0,0,1,13,10,605
1287,0,0,0,1,15,13,300
1288,0,0,0,1,14,4,282
1289,0,0,0,1,14,0,524
1290,0,0,0,1,15,0,530
1291,0,0,0,1,18,0,525
1292,0,0,0,1,19,0,756
1293,0,0,0,1,17,6,699
1294,0,0,0,0,19,0,353
1295,0,0,0,0,17,0,243
1296,0,0,0,0,17,0,304
1297,0,0,0,0,17,3,282
1298,0,0,0,0,20,0,388
1299,0,0,0,0,22,6,674
1300,0,0,0,0,16,8,582
1301,0,0,0,0,15,0,238
1302,0,0,0,0,17,0,207
1303,0,0,0,0,16,11,210
1304,0,0,0,0,12,1,337
1305,0,0,0,0,13,5,412
1306,0,0,0,0,15,10,521
1307,0,0,0,0,14,7,559
1308,0,0,0,0,15,0,337
1309,0,0,0,0,15,0,282
1310,0,0,0,0,19,0,224
1311,0,0,0,0,19,0,392
1312,0,0,0,0,17,0,371
1313,0,0,0,0,18,0,787
1314,0,0,0,0,23,0,776
1315,0,0,0,0,22,8,252
1316,0,0,0,0,16,15,182
1317,0,0,0,0,17,3,312
1318,0,0,0,0,16,7,292
1319,0,0,0,0,15,1,567
1320,0,0,0,0,15,0,640
1321,0,0,0,0,15,13,680
1322,0,0,0,0,14,0,299
1323,0,0,0,0,17,0,266
1324,0,0,0,0,15,3,350
1325,0,0,0,0,15,0,477
1326,0,0,0,0,13,0,439
1327,0,0,0,0,15,1,769
1328,0,0,0,0,14,0,652
1329,0,0,0,0,12,0,306
1330,0,0,0,0,15,0,337
1331,0,0,0,0,17,0,299
1332,0,0,0,0,19,0,405
1333,0,0,0,0,23,5,470
1334,0,0,0,0,22,15,720
1335,0,0,0,0,15,8,836
1336,0,0,0,0,14,4,458
1337,0,0,0,0,15,0,205
1338,0,0,0,0,15,2,260
1339,0,0,0,0,16,1,268
1340,0,0,0,0,16,0,440
1341,0,0,0,0,17,0,972
1342,0,0,0,0,21,0,838
1343,0,0,0,0,25,1,378
1344,0,0,0,0,23,7,311
1345,0,0,0,0,14,2,336
1346,0,0,0,0,16,1,350
1347,0,0,0,0,17,0,583
1348,0,0,0,0,18,0,879
1349,0,0,0,0,25,0,918
1350,0,0,0,0,18,3,378
1351,0,0,0,0,17,0,387
1352,0,0,0,0,23,0,281
1353,0,0,0,0,21,0,507
1354,0,0,0,0,30,0,480
1355,0,0,0,0,24,0,889
1356,0,0,0,0,19,0,865
1357,0,0,0,0,19,0,542
1358,0,0,0,0,23,0,653
1359,0,0,0,0,25,2,529
1360,0,0,0,0,17,3,598
1361,0,0,0,0,18,0,659
1362,0,0,0,1,18,0,833
1363,0,0,0,1,18,0,956
1364,0,0,1,1,23,0,1206
1365,0,0,0,1,28,0,562
1366,0,0,0,1,30,2,579
1367,0,0,0,1,18,0,856
1368,0,0,0,1,20,1,715
1369,0,0,0,1,28,0,643
1370,0,0,0,1,27,0,717
1371,0,0,0,1,20,0,635
1372,0,0,0,1,27,0,582
1373,0,0,0,1,25,12,492
1374,0,0,0,1,23,0,528
1375,0,0,0,1,19,3,513
1376,0,0,0,1,22,0,829
1377,0,0,0,1,25,0,731
1378,0,0,0,0,32,0,437
1379,0,0,0,0,34,0,321
1380,0,0,0,0,34,1,550
1381,0,0,0,0,21,0,705
1382,0,0,0,0,20,0,494
1383,0,1,0,0,20,0,1063
1384,0,1,0,0,19,0,980
1385,0,1,0,0,25,0,361
1386,0,1,0,0,27,5,525
1387,0,1,0,0,24,0,436
1388,0,1,0,0,21,0,489
1389,0,1,0,0,33,0,601
1390,0,1,0,0,22,0,1588
1391,0,1,0,0,28,12,1660
1392,0,1,0,0,17,0,575
1393,0,1,0,0,20,0,658
1394,0,1,0,0,21,0,702
1395,0,1,0,0,22,0,705
1396,0,1,0,0,19,0,956
1397,0,1,0,0,21,0,2255
1398,0,1,0,0,25,0,3130
1399,0,1,0,0,20,0,608
1400,0,1,0,0,21,0,861
1401,0,1,0,0,25,0,1069
1402,0,1,0,0,31,0,879
1403,0,1,0,0,34,0,945
1404,0,1,0,0,32,0,2177
1405,0,1,0,0,35,0,2510
1406,0,1,0,0,37,0,755
1407,0,1,0,0,35,3,682
1408,0,1,0,0,19,5,552
1409,0,1,0,0,19,1,965
1410,0,1,0,0,18,4,801
1411,0,1,0,0,24,0,2594
1412,0,1,0,0,32,0,2828
1413,0,1,0,0,35,0,836
1414,0,1,0,0,36,0,886
1415,0,1,0,0,36,4,669
1416,0,1,0,0,26,1,802
1417,0,1,0,0,29,5,985
1418,0,1,0,0,28,0,3075
1419,0,1,0,0,23,0,2856
1420,0,1,0,0,28,0,1338
1421,0,1,0,0,36,0,856
1422,0,1,0,0,39,0,592
1423,0,1,0,0,35,13,872
1424,0,1,0,0,21,0,819
1425,0,1,0,0,20,0,1823
1426,0,1,0,0,20,0,2570
1427,0,1,0,0,22,1,1047
1428,0,0,0,0,19,2,326
1429,0,1,0,0,21,0,1210
1430,0,1,0,0,25,0,2675
1431,0,1,0,0,30,0,2408
1432,0,1,0,0,31,0,2296
1433,0,1,0,0,39,0,1636
1434,0,1,0,0,39,0,1048
1435,0,1,0,0,26,0,1264
1436,0,1,0,0,27,0,1590
1437,0,1,0,1,27,0,2725
1438,0,1,0,1,35,0,2206
1439,0,1,0,1,35,10,1201
1440,0,1,0,1,29,0,1601
1441,0,1,0,1,23,0,2342
1442,0,1,0,1,24,0,2373
1443,0,1,0,1,33,0,2544
1444,0,1,0,1,38,0,2740
1445,0,1,0,1,25,0,2530
1446,0,1,1,1,35,0,1674
1447,0,1,0,1,38,0,1494
1448,0,1,0,1,28,1,3696
1449,0,1,0,1,26,0,3033
1450,0,1,0,1,25,0,3345
1451,0,1,0,1,26,0,2425
1452,0,1,0,0,30,0,606
1453,0,1,0,0,33,0,1705
1454,0,1,0,0,35,0,1672
1455,0,1,0,0,37,0,525
1456,0,1,0,0,36,0,596
1457,0,1,0,0,41,0,376
1458,0,1,0,0,41,0,425
1459,0,1,0,0,41,0,401
1460,0,1,0,0,32,0,1483
1461,0,1,0,0,26,0,2703
1462,0,1,0,0,26,0,725
1463,0,1,0,0,30,0,514
1464,0,1,0,0,25,0,963
1465,0,1,0,0,24,0,716
1466,0,1,0,0,26,0,775
1467,0,1,0,0,28,0,1880
1468,0,1,0,0,27,1,1918
1469,0,1,0,0,29,0,515
1470,0,1,0,0,35,0,720
1471,0,1,0,0,32,0,604
1472,0,1,0,0,33,1,720
1473,0,1,0,0,35,4,686
1474,0,1,0,0,23,0,1559
1475,0,1,0,0,24,0,2105
1476,0,1,0,0,26,0,625
1477,0,1,0,0,36,0,367
1478,0,1,0,0,24,0,514
1479,0,1,0,0,29,0,679
1480,0,1,0,0,33,0,730
1481,0,1,0,0,27,0,2135
1482,0,1,0,0,24,0,1877
1483,0,1,0,0,24,0,754
1484,0,1,0,0,26,0,717
1485,0,1,0,0,35,0,562
1486,0,1,0,0,35,0,822
1487,0,1,0,0,36,0,707
1488,0,1,0,0,36,0,1282
1489,0,1,0,0,33,0,2504
1490,0,1,1,0,25,0,3049
1491,0,1,0,0,25,0,774
1492,0,1,0,0,25,0,773
1493,0,1,0,0,25,0,560
1494,0,1,0,0,27,1,736
1495,0,1,0,0,30,1,1354
1496,0,1,0,0,21,0,1722
1497,0,1,0,0,23,0,924
1498,0,1,0,0,23,0,519
1499,0,1,0,0,24,0,586
1500,0,1,0,0,30,0,782
1501,0,1,0,0,34,0,617
1502,0,1,0,0,35,0,1460
1503,0,1,0,0,22,3,1157
1504,0,1,0,0,20,0,509
1505,0,1,0,0,28,0,393
1506,0,1,0,0,23,0,822
1507,0,1,0,0,23,0,826
1508,0,1,1,0,23,0,2239
1509,0,1,1,0,27,0,2676
1510,0,1,1,0,29,0,2486
1511,0,1,1,0,23,0,2435
1512,0,1,0,0,24,0,765
1513,0,1,0,0,23,0,789
1514,0,1,0,0,25,0,853
1515,0,1,0,0,26,0,912
1516,0,1,0,0,32,0,1870
1517,0,1,0,0,34,0,1929
1518,0,1,0,0,37,0,712
1519,0,1,0,0,37,0,899
1520,0,1,0,0,37,0,709
1521,0,1,0,0,24,0,814
1522,0,1,0,0,24,9,616
1523,0,1,0,1,19,4,848
1524,0,1,0,1,20,5,948
1525,0,1,0,1,19,1,844
1526,0,1,0,1,22,0,1173
1527,0,1,0,1,27,0,1338
1528,0,1,0,1,30,0,1211
1529,0,1,0,1,32,1,1427
1530,0,1,0,1,31,0,1650
1531,0,1,0,1,32,0,2237
1532,0,1,0,1,32,1,1321
1533,0,1,0,1,23,2,1029
1534,0,1,1,1,23,0,3105
1535,0,1,0,1,21,0,1391
1536,0,1,0,1,23,0,1632
1537,0,1,0,1,23,0,1812
1538,0,1,0,1,23,0,2153
1539,0,1,0,0,23,0,634
1540,0,1,0,0,24,0,493
1541,0,1,0,0,27,5,590
1542,0,1,0,0,17,15,305
1543,0,1,0,0,19,0,511
1544,0,1,0,0,21,0,1116
1545,0,1,0,0,22,0,1872
1546,0,1,0,0,20,1,511
1547,0,1,0,0,19,0,611
1548,0,1,0,0,18,5,479
1549,0,1,0,0,15,1,365
1550,0,1,0,0,15,1,406
1551,0,1,0,0,18,0,1096
1552,0,1,0,0,19,0,1551
1553,0,0,0,0,16,0,456
1554,0,0,0,0,18,1,320
1555,0,0,0,0,16,0,366
1556,0,0,0,0,15,6,257
1557,0,0,0,0,18,15,436
1558,0,0,0,0,18,0,830
1559,0,0,0,0,16,0,556
1560,0,0,0,0,23,0,329
1561,0,0,0,0,17,0,347
1562,0,0,0,0,16,0,356
1563,0,0,0,0,16,0,342
1564,0,0,0,0,20,0,411
1565,0,0,0,0,24,0,671
1566,0,0,0,0,19,1,650
1567,0,0,0,0,22,1,240
1568,0,0,0,0,16,1,322
1569,0,0,0,0,17,2,302
1570,0,0,0,0,19,0,369
1571,0,0,0,0,19,0,374
1572,0,0,0,0,19,0,734
1573,0,0,0,0,19,0,538
1574,0,0,0,0,16,0,264
1575,0,0,0,0,17,0,338
1576,0,0,0,0,19,0,304
1577,0,0,0,0,19,2,418
1578,0,0,0,0,15,1,296
1579,0,0,0,0,18,0,787
1580,0,0,0,0,19,0,1295
1581,0,0,1,0,21,12,1003
1582,0,0,0,0,15,11,310
1583,0,0,0,0,16,5,299
1584,0,0,0,0,16,9,228
1585,0,0,0,0,15,8,358
1586,0,0,0,0,13,4,490
1587,0,0,0,0,14,0,593
1588,0,0,0,0,13,0,348
1589,0,0,0,0,13,0,286
1590,0,0,0,0,15,0,338
1591,0,0,0,0,17,0,290
1592,0,0,0,0,16,0,348
1593,0,0,0,0,17,0,584
1594,0,0,0,0,15,0,552
1595,0,0,0,0,13,0,259
1596,0,0,0,0,14,0,357
1597,0,0,0,0,14,0,196
1598,0,0,0,0,14,0,282
1599,0,0,0,0,15,3,302
1600,0,0,0,0,15,0,700
1601,0,0,0,0,16,0,797
1602,0,0,0,0,17,0,488
1603,0,0,0,0,19,0,344
1604,0,0,0,0,18,1,442
1605,0,0,0,0,18,7,403
1606,0,0,0,0,15,11,510
1607,0,0,0,1,14,1,858
1608,0,0,0,1,15,0,1068
1609,0,0,0,1,14,0,447
1610,0,0,0,1,15,3,688
1611,0,0,0,1,14,5,593
1612,0,0,0,1,15,0,599
1613,0,0,0,1,15,0,765
1614,0,0,0,1,17,0,1139
1615,0,0,0,1,17,0,1008
1616,0,0,0,1,17,0,540
1617,0,0,0,1,15,5,395
1618,0,0,0,1,17,0,595
1619,0,0,0,1,12,15,340
1620,0,0,0,1,14,2,454
1621,0,0,0,1,15,0,837
1622,0,0,0,1,18,0,744
1623,0,0,0,0,19,3,314
1624,0,0,0,0,18,10,326
1625,0,0,0,0,17,0,306
1626,0,0,0,0,20,0,305
1627,0,0,0,0,22,0,478
1628,0,0,0,0,18,3,823
1629,0,0,0,0,14,0,750
1630,0,0,0,0,16,2,232
1631,0,0,0,0,17,2,266
1632,0,0,0,0,17,0,297
1633,0,0,0,0,23,15,283
1634,0,0,0,0,14,2,353
1635,0,0,0,0,18,0,734
1636,0,0,0,0,16,15,539
1637,0,0,0,0,13,10,377
1638,0,0,0,0,14,3,196
1639,0,0,0,0,16,0,289
1640,0,0,0,0,20,0,437
1641,0,0,0,0,18,8,383
1642,0,0,0,0,12,3,688
1643,0,0,0,0,16,2,662
1644,0,0,0,0,15,0,336
1645,0,0,0,0,19,0,289
1646,0,0,0,0,17,2,194
1647,0,0,0,0,16,0,392
1648,0,0,0,0,17,5,424
1649,0,0,0,0,14,1,679
1650,0,0,0,0,14,0,691
1651,0,0,0,0,14,0,453
1652,0,0,0,0,16,0,355
1653,0,0,0,0,21,0,407
1654,0,0,0,0,21,0,386
1655,0,0,0,0,21,0,411
1656,0,0,0,0,20,0,705
1657,0,0,0,0,17,0,619
1658,0,0,0,0,16,0,260
1659,0,0,0,0,20,0,383
1660,0,0,0,0,26,0,321
1661,0,0,0,0,20,7,404
1662,0,0,0,0,17,7,363
1663,0,0,0,0,17,2,714
1664,0,0,0,0,14,0,709
1665,0,0,0,0,16,0,559
1666,0,0,0,0,18,0,266
1667,0,0,0,0,21,1,379
1668,0,0,0,0,17,0,300
1669,0,0,0,0,17,0,488
1670,0,0,0,0,19,0,800
1671,0,0,0,0,20,0,778
1672,0,0,0,0,26,0,576
1673,0,0,0,0,23,1,278
1674,0,0,0,0,17,0,251
1675,0,0,0,0,20,0,329
1676,0,0,0,0,27,4,529
1677,0,0,0,0,13,1,649
1678,0,0,0,0,16,0,919
1679,0,0,0,0,21,0,589
1680,0,0,0,0,17,2,344
1681,0,0,0,0,16,6,481
1682,0,0,0,0,16,0,481
1683,0,0,0,0,20,0,600
1684,0,0,0,0,22,0,752
1685,0,0,0,0,20,0,1101
1686,0,0,0,0,18,0,668
1687,0,0,0,0,20,0,665
1688,0,0,0,0,26,0,475
1689,0,0,0,0,19,0,785
1690,0,0,0,0,17,0,707
1691,0,0,0,1,17,0,899
1692,0,0,0,1,23,0,1063
1693,0,0,1,1,26,0,1029
1694,0,0,0,1,31,5,636
1695,0,0,0,1,20,0,567
1696,0,0,0,1,16,0,728
1697,0,0,0,1,21,0,825
1698,0,0,0,1,24,0,758
1699,0,0,0,1,30,0,750
1700,0,0,0,1,29,0,607
1701,0,1,0,1,15,1,605
1702,0,1,0,1,19,0,588
1703,0,1,0,1,22,0,523
1704,0,1,0,1,26,0,655
1705,0,1,0,1,29,0,1151
1706,0,1,0,1,29,5,802
1707,0,1,0,0,27,3,464
1708,0,1,0,0,16,6,462
1709,0,1,0,0,15,2,449
1710,0,1,0,0,24,0,599
1711,0,1,0,0,25,0,618
1712,0,1,0,0,19,0,1146
1713,0,1,0,0,24,0,1044
1714,0,1,0,0,30,0,517
1715,0,1,0,0,19,0,706
1716,0,1,0,0,23,0,511
1717,0,1,0,0,25,0,684
1718,0,1,0,0,26,0,558
1719,0,1,0,0,27,0,1285
1720,0,1,0,0,23,0,1561
1721,0,1,0,0,24,0,730
1722,0,1,0,0,29,0,516
1723,0,1,0,0,36,0,506
1724,0,1,0,0,34,2,499
1725,0,1,0,0,25,0,850
1726,0,1,0,0,22,0,1704
1727,0,1,0,0,29,5,2222
1728,0,1,0,0,26,8,1211
1729,0,1,0,0,20,1,590
1730,0,1,0,0,17,1,747
1731,0,1,0,0,21,0,859
1732,0,1,0,0,24,0,998
1733,0,1,0,0,27,0,2041
1734,0,1,0,0,32,0,1965
1735,0,1,0,0,36,0,701
1736,0,1,0,0,26,0,1037
1737,0,1,0,0,23,0,1019
1738,0,1,0,0,24,0,819
1739,0,1,0,0,24,0,1281
1740,0,1,0,0,25,0,2329
1741,0,1,0,0,32,0,1787
1742,0,1,0,0,37,1,1375
1743,0,1,0,0,20,5,755
1744,0,1,0,0,17,15,550
1745,0,1,0,0,18,0,545
1746,0,1,0,0,19,0,927
1747,0,1,0,0,22,3,1866
1748,0,0,0,0,24,0,1603
1749,0,1,0,0,24,0,1026
1750,0,1,0,0,19,6,621
1751,0,1,0,0,21,0,1035
1752,0,1,0,0,22,0,1023
1753,0,1,0,0,29,0,1048
1754,0,1,0,0,33,1,2056
1755,0,1,0,0,20,0,2413
1756,0,1,0,0,23,0,1086
1757,0,1,0,0,28,0,907
1758,0,1,0,0,36,0,805
1759,0,1,0,0,40,0,775
1760,0,1,0,0,40,0,880
1761,0,1,0,0,25,3,2119
1762,0,1,0,0,32,0,2290
1763,0,1,0,0,28,0,1103
1764,0,1,0,0,34,0,950
1765,0,1,0,0,37,3,1172
1766,0,1,0,0,18,9,721
1767,0,1,0,0,22,0,729
1768,0,1,0,1,26,2,2110
1769,0,1,0,1,22,0,1953
1770,0,1,0,1,27,0,1694
1771,0,1,0,1,29,0,1515
1772,0,1,0,1,35,0,1398
1773,0,1,0,1,24,0,2049
1774,0,1,0,1,22,0,2191
1775,0,1,0,1,25,0,2844
1776,0,1,0,1,31,0,2410
1777,0,1,0,1,37,0,1953
1778,0,1,1,1,40,0,1235
1779,0,1,0,1,44,0,1595
1780,0,1,0,1,37,0,2077
1781,0,1,0,1,31,0,2819
1782,0,1,0,1,29,0,3056
1783,0,1,0,1,31,0,1753
1784,0,1,1,1,34,0,1822
1785,0,1,0,1,33,0,2244
1786,0,1,0,1,42,0,910
1787,0,1,0,1,30,0,2138
1788,0,1,0,1,24,0,2847
1789,0,1,0,1,28,0,2626
1790,0,1,0,1,29,0,1874
1791,0,1,0,1,27,0,1973
1792,0,1,0,1,26,0,2721
1793,0,1,0,1,31,0,2052
1794,0,1,0,1,39,0,1079
1795,0,1,0,1,33,0,2039
1796,0,1,0,1,35,0,2022
1797,0,1,0,1,41,0,758
1798,0,1,0,1,42,0,670
1799,0,1,0,1,41,0,861
1800,0,1,0,1,40,0,1120
1801,0,1,0,1,27,0,1647
1802,0,1,0,1,29,0,2175
1803,0,1,0,1,33,0,1962
1804,0,1,0,1,36,0,1194
1805,0,1,0,1,40,0,796
1806,0,1,0,1,42,0,579
1807,0,1,0,1,48,0,346
1808,0,1,0,1,32,0,947
1809,0,1,0,1,29,0,1638
1810,0,1,0,1,27,0,1985
1811,0,1,1,1,31,0,1864
1812,0,1,0,0,34,0,481
1813,0,1,0,0,40,0,351
1814,0,1,0,0,26,0,652
1815,0,1,0,0,29,0,723
1816,0,1,0,0,39,0,982
1817,0,1,0,0,40,0,1329
1818,0,1,0,0,27,0,612
1819,0,1,0,0,31,0,533
1820,0,1,0,0,33,0,622
1821,0,1,0,0,32,0,543
1822,0,1,0,0,24,4,717
1823,0,1,0,0,23,0,1391
1824,0,1,0,0,24,0,2404
1825,0,1,0,0,25,2,536
1826,0,1,0,0,21,2,570
1827,0,1,0,0,23,0,517
1828,0,1,0,0,25,0,706
1829,0,1,0,0,30,0,689
1830,0,1,0,0,32,0,1471
1831,0,1,0,0,37,0,1425
1832,0,1,0,0,24,0,719
1833,0,1,0,0,24,0,635
1834,0,1,0,0,25,0,532
1835,0,1,0,0,27,0,536
1836,0,1,0,0,32,0,474
1837,0,1,0,0,33,0,1632
1838,0,1,0,0,38,0,1301
1839,0,1,0,0,39,0,407
1840,0,1,0,0,38,0,384
1841,0,1,0,0,39,0,471
1842,0,1,0,0,39,0,422
1843,0,1,0,0,42,0,409
1844,0,1,0,0,41,0,692
1845,0,1,0,0,34,0,1735
1846,0,1,0,0,34,0,750
1847,0,1,0,0,25,0,547
1848,0,1,0,0,21,0,504
1849,0,1,0,0,26,0,643
1850,0,1,0,0,28,0,839
1851,0,1,0,0,29,0,2215
1852,0,1,0,0,27,0,2468
1853,0,1,1,0,25,0,2533
1854,0,1,0,0,23,1,729
1855,0,1,0,0,23,0,402
1856,0,1,0,0,26,0,581
1857,0,1,0,0,27,0,803
1858,0,1,0,0,30,0,1315
1859,0,1,0,0,32,0,1460
1860,0,1,0,0,32,0,827
1861,0,1,0,0,31,0,515
1862,0,1,0,0,30,0,570
1863,0,1,0,0,29,0,535
1864,0,1,0,0,34,0,784
1865,0,1,0,0,26,0,1835
1866,0,1,0,0,27,2,1935
1867,0,1,0,0,20,2,475
1868,0,1,0,0,22,0,658
1869,0,1,0,0,25,0,576
1870,0,1,0,0,30,0,650
1871,0,1,0,0,22,2,535
1872,0,1,0,0,18,2,1619
1873,0,1,0,0,21,0,1568
1874,0,1,0,0,23,0,511
1875,0,1,0,0,28,0,515
1876,0,1,0,0,27,0,637
1877,0,1,0,0,34,0,641
1878,0,1,0,0,33,0,554
1879,0,1,0,0,22,0,1694
1880,0,1,0,0,24,0,1714
1881,0,1,0,0,24,4,592
1882,0,1,0,0,19,0,791
1883,0,1,0,0,20,0,622
1884,0,1,0,0,22,0,799
1885,0,1,0,0,25,0,878
1886,0,1,0,1,23,1,1693
1887,0,1,0,1,29,0,2096
1888,0,1,0,1,29,0,1599
1889,0,1,0,1,34,0,1164
1890,0,1,0,1,27,0,1366
1891,0,1,0,1,24,0,1359
1892,0,1,1,1,34,0,2427
1893,0,1,1,1,32,0,2706
1894,0,1,1,1,21,0,2420
1895,0,1,1,1,21,0,2769
1896,0,1,0,1,22,0,1886
1897,0,1,0,1,21,0,1887
1898,0,1,1,1,22,0,2321
1899,0,1,0,1,18,0,1177
1900,0,1,0,1,19,0,1283
1901,0,0,0,1,19,0,1049
1902,0,1,0,0,25,0,516
1903,0,1,0,0,25,7,694
1904,0,1,0,0,20,10,500
1905,0,1,0,0,17,5,485
1906,0,1,0,0,19,5,532
1907,0,1,0,0,19,0,1144
1908,0,1,0,0,19,0,1400
1909,0,1,0,0,20,0,484
1910,0,1,0,0,18,15,442
1911,0,1,0,0,18,5,367
1912,0,0,0,0,12,10,462
1913,0,0,0,0,15,2,402
1914,0,0,0,0,18,1,721
1915,0,0,0,0,17,0,847
1916,0,0,0,0,20,0,382
1917,0,0,0,0,20,0,331
1918,0,0,0,0,21,0,405
1919,0,1,0,0,22,0,572
1920,0,1,0,0,23,0,549
1921,0,1,0,0,25,0,894
1922,0,1,0,0,23,4,829
1923,0,1,0,0,19,0,517
1924,0,1,0,0,23,0,353
1925,0,1,0,0,22,0,353
1926,0,1,0,0,25,2,437
1927,0,1,0,0,24,1,450
1928,0,1,0,0,16,3,961
1929,0,1,0,0,16,10,763
1930,0,0,0,0,15,1,339
1931,0,0,0,0,16,3,280
1932,0,0,0,0,14,2,219
1933,0,0,0,0,15,0,326
1934,0,0,0,0,15,0,300
1935,0,0,0,0,16,1,598
1936,0,0,0,0,16,0,594
1937,0,0,0,0,15,0,347
1938,0,0,0,0,13,0,361
1939,0,0,0,0,15,0,271
1940,0,0,0,0,15,0,363
1941,0,0,0,0,17,0,524
1942,0,0,0,0,18,0,990
1943,0,0,0,0,17,5,1068
1944,0,0,1,0,18,0,900
1945,0,0,0,0,22,15,272
1946,0,0,0,0,18,1,264
1947,0,0,0,0,17,0,246
1948,0,0,0,0,17,1,438
1949,0,0,0,0,16,0,676
1950,0,0,0,0,17,0,770
1951,0,0,0,0,15,5,365
1952,0,0,0,0,15,0,242
1953,0,0,0,0,14,0,345
1954,0,0,0,0,13,0,279
1955,0,0,0,0,15,0,369
1956,0,0,0,0,16,0,658
1957,0,0,0,0,14,0,796
1958,0,0,0,0,12,0,384
1959,0,0,0,0,17,0,234
1960,0,0,0,0,20,0,366
1961,0,0,0,0,22,0,392
1962,0,0,0,0,22,13,447
1963,0,0,0,0,14,15,145
1964,0,0,0,0,13,0,895
1965,0,0,0,0,15,0,389
1966,0,0,0,0,16,0,396
1967,0,0,0,0,17,0,392
1968,0,0,0,0,17,0,443
1969,0,0,0,0,22,0,507
1970,0,0,0,1,22,5,636
1971,0,0,0,1,17,0,888
1972,0,0,0,1,16,0,628
1973,0,0,0,1,17,0,569
1974,0,0,0,1,17,3,478
1975,0,0,0,1,16,3,412
1976,0,0,0,1,14,5,600
1977,0,0,0,1,13,2,738
1978,0,0,0,1,13,3,794
1979,0,0,0,1,14,1,592
1980,0,0,0,1,15,2,502
1981,0,0,0,1,15,1,407
1982,0,0,0,1,15,0,552
1983,0,0,0,1,19,0,683
1984,0,0,0,1,20,0,668
1985,0,0,0,1,17,0,735
1986,0,0,0,0,19,5,346
1987,0,0,0,0,16,4,278
1988,0,0,0,0,16,0,393
1989,0,0,0,0,18,0,296
1990,0,0,0,0,17,0,369
1991,0,0,0,0,16,0,668
1992,0,0,0,0,19,4,500
1993,0,0,0,0,17,0,188
1994,0,0,0,0,15,0,254
