1,1,0,0,1,1,33,0,1825
2,1,0,0,0,1,23,4,1582
3,1,0,0,0,1,23,1,2706
4,1,0,1,0,1,23,1,2793
5,1,0,1,0,1,22,0,1958
6,1,0,0,0,1,23,3,1886
7,1,0,0,0,1,23,0,2170
8,1,0,0,0,1,28,0,1977
9,1,0,0,0,1,31,0,1991
10,1,0,0,0,1,35,0,1381
11,1,0,1,0,1,33,0,1995
12,1,0,1,0,1,36,0,2147
13,1,0,0,0,1,42,0,504
14,1,0,0,0,1,45,0,406
15,1,0,0,0,1,44,0,333
16,1,0,0,0,1,44,0,250
17,1,0,0,0,1,43,0,520
18,1,0,1,0,1,31,2,1590
19,1,0,1,0,1,29,0,2183
20,1,0,0,0,1,30,0,1297
21,1,0,0,0,1,27,0,1333
22,1,0,0,0,1,29,0,1234
23,1,0,0,0,1,35,0,867
24,1,0,0,0,1,27,0,1454
25,1,0,1,0,1,27,0,2241
26,1,0,1,0,1,34,0,1774
27,1,0,0,1,1,39,0,1558
28,1,0,0,0,0,43,0,255
29,1,0,0,0,0,31,0,500
30,1,0,0,0,0,37,0,361
31,1,0,0,0,0,38,0,561
32,1,0,1,0,0,43,0,582
33,1,0,1,0,0,45,0,754
34,1,0,0,0,0,28,0,473
35,1,0,0,0,0,28,0,535
36,1,0,0,0,0,34,0,398
37,1,0,0,0,0,34,0,626
38,1,0,0,0,0,37,0,487
39,1,0,1,0,0,43,0,672
40,1,0,1,0,0,28,0,2349
41,1,0,0,0,0,34,0,405
42,1,0,0,0,0,43,0,319
43,1,0,0,0,0,42,0,196
44,1,0,0,0,0,27,1,170
45,1,0,0,0,0,25,15,454
46,1,0,1,0,0,27,15,911
47,1,0,1,0,0,25,0,1664
48,1,0,0,0,0,27,0,526
49,1,0,0,0,0,25,0,592
50,1,0,0,0,0,21,3,342
51,1,0,0,0,0,21,2,641
52,1,0,0,0,0,22,0,572
53,1,0,1,0,0,23,0,1407
54,1,0,1,0,0,27,0,1897
55,1,0,0,0,0,30,0,557
56,1,0,0,0,0,24,0,484
57,1,0,0,0,0,24,0,557
58,1,0,0,0,0,24,0,569
59,1,0,0,0,0,26,0,586
60,1,0,1,0,0,27,0,1464
61,1,0,1,0,0,30,0,1792
62,1,0,0,0,0,32,0,551
63,1,0,0,0,0,35,0,302
64,1,0,0,0,0,25,0,453
65,1,0,0,0,0,24,0,572
66,1,0,0,0,0,24,0,599
67,1,0,1,0,0,31,0,1872
68,1,0,1,0,0,36,0,2127
69,1,0,0,1,0,35,0,2646
70,1,0,0,0,0,32,0,425
71,1,0,0,0,0,24,2,661
72,1,0,0,0,0,26,0,674
73,1,0,0,0,0,28,0,770
74,1,0,1,0,0,24,0,1363
75,1,0,1,0,0,22,5,1205
76,1,0,0,0,0,24,7,440
77,1,0,0,0,0,25,1,600
78,1,0,0,0,0,25,0,481
79,1,0,0,0,0,33,0,649
80,1,0,0,0,0,22,0,827
81,1,0,1,0,0,23,0,1823
82,1,0,1,0,0,20,0,1553
83,1,0,0,0,0,22,1,434
84,1,0,0,0,0,20,0,580
85,1,0,0,0,0,28,1,625
86,1,0,0,0,0,29,0,494
87,1,0,0,0,0,28,0,532
88,1,0,1,0,0,28,0,1476
89,1,0,1,0,0,33,0,2000
90,1,0,0,0,0,33,0,509
91,1,0,0,0,0,37,0,498
92,1,0,0,0,0,23,1,452
93,1,0,0,0,0,21,0,536
94,1,0,0,0,0,21,0,532
95,1,0,1,0,0,22,0,1002
96,1,0,1,0,0,25,0,1805
97,1,0,0,0,0,26,0,574
98,1,0,0,0,0,24,1,652
99,1,0,0,0,0,22,15,394
100,1,0,0,0,0,23,3,491
101,1,0,0,0,0,19,0,852
102,1,0,1,0,1,21,0,1358
103,1,0,1,0,1,22,0,1745
104,1,0,0,0,1,22,0,1131
105,1,0,0,0,1,23,0,1323
106,1,0,0,0,1,24,0,1099
107,1,0,0,0,1,24,0,1028
108,1,0,0,1,1,21,2,1711
109,1,0,1,1,1,20,0,2036
110,1,0,1,1,1,23,0,1499
111,1,0,0,1,1,29,0,2218
112,1,0,0,0,1,21,0,1245
113,1,0,0,0,1,21,0,1656
114,1,0,0,0,1,22,1,1463
115,1,0,0,1,1,23,0,1848
116,1,0,1,0,1,21,1,1261
117,1,0,1,0,1,22,0,1436
118,1,0,0,0,0,29,0,551
119,1,0,0,0,0,19,15,516
120,1,0,0,0,0,18,2,584
121,1,0,0,0,0,18,0,458
122,1,0,0,0,0,12,12,317
123,1,0,1,0,0,16,8,857
124,1,0,1,0,0,17,0,1113
125,1,0,0,0,0,18,0,355
126,1,0,0,0,0,17,3,376
127,1,0,0,0,0,18,0,387
128,0,0,0,0,0,18,0,499
129,1,0,0,0,0,14,2,410
130,1,0,1,0,0,19,15,985
131,0,0,1,0,0,21,0,1184
132,1,0,0,0,0,21,0,323
133,1,0,0,0,0,23,0,311
134,1,0,0,0,0,24,0,506
135,1,0,0,0,0,25,0,585
136,1,0,0,0,0,27,0,650
137,1,0,1,0,0,24,0,1162
138,1,0,1,0,0,25,0,1551
139,1,0,0,0,0,22,0,454
140,1,0,0,0,0,24,0,489
141,1,0,0,0,0,26,0,514
142,1,0,0,0,0,26,0,295
143,0,0,0,0,0,22,0,587
144,0,0,1,0,0,25,0,1135
145,0,0,1,0,0,24,0,1238
146,0,0,0,0,0,20,1,242
147,0,0,0,0,0,18,9,232
148,0,0,0,0,0,18,5,280
149,0,0,0,0,0,21,0,144
150,0,0,0,0,0,21,0,339
151,0,0,1,0,0,15,0,602
152,0,0,1,0,0,16,5,514
153,0,0,0,0,0,18,1,284
154,0,0,0,0,0,18,0,347
155,0,0,0,0,0,18,0,276
156,0,0,0,0,0,18,1,390
157,0,0,0,0,0,18,0,358
158,0,0,1,0,0,19,0,772
159,0,0,1,0,0,17,0,1192
160,0,0,0,1,0,15,0,979
161,0,0,0,0,0,19,0,379
162,0,0,0,0,0,17,0,265
163,0,0,0,0,0,17,0,295
164,0,0,0,0,0,14,4,282
165,0,0,1,0,0,15,7,620
166,0,0,1,0,0,16,0,617
167,0,0,0,0,0,17,0,267
168,0,0,0,0,0,15,2,284
169,0,0,0,0,0,17,0,255
170,0,0,0,0,0,16,0,260
171,0,0,0,0,0,18,0,386
172,0,0,1,0,0,16,9,615
173,0,0,1,0,0,17,0,709
174,0,0,0,0,0,13,13,270
175,0,0,0,0,0,16,15,305
176,0,0,0,0,0,16,6,262
177,0,0,0,0,0,16,2,227
178,0,0,0,0,0,17,0,237
179,0,0,1,0,0,13,15,400
180,0,0,1,0,0,14,2,550
181,0,0,0,0,0,15,1,263
182,0,0,0,0,0,16,6,400
183,0,0,0,0,0,17,1,358
184,0,0,0,0,0,16,0,423
185,0,0,0,0,0,16,0,507
186,0,0,1,0,1,14,3,758
187,0,0,1,0,1,16,15,674
188,0,0,0,0,1,15,0,791
189,0,0,0,0,1,19,0,314
190,0,0,0,0,1,11,13,383
191,0,0,0,0,1,14,15,379
192,0,0,0,0,1,16,0,464
193,0,0,1,0,1,14,2,816
194,0,0,1,0,1,14,0,821
195,0,0,0,0,1,12,0,424
196,0,0,0,0,1,13,2,403
197,0,0,0,0,1,17,3,443
198,0,0,0,0,1,13,5,292
199,0,0,0,0,1,14,8,414
200,0,0,1,0,1,13,0,726
201,0,0,1,0,1,15,0,639
202,0,0,0,0,0,17,0,284
203,0,0,0,0,0,19,0,229
204,0,0,0,0,0,16,0,385
205,0,0,0,0,0,16,15,256
206,0,0,0,0,0,16,2,392
207,0,0,1,0,0,16,3,654
208,0,0,1,0,0,17,0,892
209,0,0,0,0,0,17,0,350
210,0,0,0,0,0,17,0,274
211,0,0,0,0,0,17,3,300
212,0,0,0,0,0,16,0,386
213,0,0,0,0,0,13,15,270
214,0,0,1,0,0,14,2,575
215,0,0,1,0,0,15,0,733
216,0,0,0,0,0,15,0,242
217,0,0,0,0,0,17,0,377
218,0,0,0,0,0,16,0,302
219,0,0,0,0,0,17,0,248
220,0,0,0,0,0,18,0,349
221,0,0,1,0,0,18,0,622
222,0,0,1,0,0,15,0,780
223,0,0,0,0,0,13,0,295
224,0,0,0,0,0,14,0,363
225,0,0,0,0,0,14,0,328
226,0,0,0,0,0,16,0,411
227,0,0,0,0,0,20,0,410
228,0,0,1,0,0,14,0,763
229,0,0,1,0,0,16,2,748
230,0,0,0,0,0,15,0,294
231,0,0,0,0,0,15,0,275
232,0,0,0,0,0,15,0,308
233,0,0,0,0,0,19,0,347
234,0,0,0,0,0,21,0,704
235,0,0,1,0,0,18,0,448
236,0,0,1,0,0,16,0,982
237,0,0,0,0,0,19,0,313
238,0,0,0,0,0,19,0,294
239,0,0,0,0,0,22,0,297
240,0,0,0,0,0,24,0,375
241,0,0,0,0,0,25,0,313
242,0,0,1,0,0,25,0,591
243,0,0,1,0,0,23,0,808
244,0,0,0,0,0,16,7,310
245,0,0,0,0,0,16,6,289
246,0,0,0,0,0,15,0,287
247,0,0,0,0,0,16,5,422
248,0,0,0,0,0,19,0,309
249,0,0,1,0,0,21,0,741
250,0,0,1,0,0,23,0,712
251,0,0,0,0,0,25,0,379
252,0,0,0,0,0,21,5,318
253,0,0,0,0,0,18,1,420
254,0,0,0,0,0,18,1,420
255,0,0,0,0,0,18,0,415
256,0,0,1,0,0,22,0,857
257,0,0,1,0,0,27,0,787
258,0,0,0,0,0,18,0,454
259,0,0,0,0,0,18,0,417
260,0,0,0,0,0,17,2,459
261,0,0,0,0,0,15,0,423
262,0,0,0,0,0,19,2,381
263,0,0,1,0,0,23,0,788
264,0,0,1,0,0,24,0,916
265,0,0,0,0,0,27,0,469
266,0,0,0,0,0,27,0,549
267,0,0,0,0,0,23,1,541
268,0,0,0,0,0,17,0,539
269,0,0,0,0,0,22,1,682
270,0,0,1,0,1,31,0,656
271,0,0,1,0,1,30,0,968
272,0,0,0,0,1,22,0,705
273,0,0,0,0,1,21,0,592
274,0,0,0,0,1,19,1,832
275,0,0,0,0,1,20,0,782
276,0,0,0,0,1,27,0,753
277,0,0,1,0,1,32,0,1002
278,0,0,1,0,1,29,0,977
279,0,0,0,1,1,29,0,994
280,0,0,0,0,1,19,0,618
281,0,0,0,0,1,21,0,694
282,1,0,0,0,1,29,0,781
283,1,0,0,0,1,32,0,750
284,1,0,1,0,1,22,0,997
285,1,0,1,0,1,22,0,1398
286,1,0,0,0,0,17,0,743
287,1,0,0,0,0,17,0,439
288,1,0,0,0,0,18,0,506
289,1,0,0,0,0,19,0,568
290,1,0,0,0,0,28,0,864
291,1,0,1,0,0,33,0,1841
292,1,0,1,0,0,33,0,1927
293,1,0,0,0,0,33,0,673
294,1,0,0,0,0,37,0,506
295,1,0,0,0,0,32,0,724
296,1,0,0,0,0,24,0,883
297,1,0,0,0,0,33,0,888
298,1,0,1,0,0,26,0,2262
299,1,0,1,0,0,29,0,2205
300,1,0,0,0,0,20,4,793
301,1,0,0,0,0,22,0,898
302,1,0,0,0,0,25,0,574
303,1,0,0,0,0,28,0,671
304,1,0,0,0,0,35,0,834
305,1,0,1,0,0,18,2,1866
306,1,0,1,0,0,20,0,2897
307,1,0,0,0,0,29,0,882
308,1,0,0,0,0,23,0,761
309,1,0,0,0,0,21,0,911
310,1,0,0,0,0,29,0,712
311,1,0,0,0,0,37,0,440
312,1,0,1,0,0,22,0,1886
313,1,0,1,0,0,23,1,3093
314,1,0,0,0,0,27,0,1020
315,1,0,0,0,0,28,0,769
316,1,0,0,0,0,35,0,675
317,0,0,0,0,0,39,0,393
318,1,0,0,0,0,24,0,1084
319,1,0,1,0,0,25,0,2080
320,1,0,1,0,0,21,6,2544
321,1,0,0,0,0,23,0,743
322,1,0,0,0,0,24,0,912
323,1,0,0,0,0,33,0,559
324,1,0,0,0,0,24,0,573
325,1,0,0,0,0,27,7,855
326,1,0,1,0,0,24,2,1113
327,1,0,1,0,0,28,7,2484
328,1,0,0,0,0,23,0,1110
329,1,0,0,0,0,22,0,950
330,1,0,0,0,0,26,0,1045
331,1,0,0,0,0,29,0,1055
332,1,0,0,0,0,32,0,1410
333,1,0,1,0,0,36,0,2048
334,1,0,1,0,0,31,0,2153
335,1,1,0,0,0,25,0,913
336,1,1,0,0,0,29,0,823
337,1,1,0,0,0,33,0,820
338,1,1,0,0,0,25,0,713
339,1,1,0,0,0,25,0,1024
340,1,1,1,0,0,24,0,2613
341,1,1,1,0,0,25,0,2301
342,1,1,0,0,0,30,0,1027
343,1,1,0,0,0,32,0,680
344,1,1,0,0,0,23,0,823
345,1,1,0,0,0,26,3,937
346,1,1,0,0,0,31,0,1088
347,1,1,1,0,1,36,0,1909
348,1,1,1,0,1,29,0,2161
349,1,1,0,0,1,29,0,1110
350,1,1,0,0,1,24,0,1445
351,1,1,0,0,1,24,0,1505
352,1,1,0,0,1,24,0,1348
353,1,1,0,0,1,24,0,1608
354,1,1,1,0,1,30,0,2330
355,1,1,1,0,1,36,0,2449
356,1,1,0,0,1,26,0,2012
357,1,1,0,0,1,24,2,2686
358,1,1,0,0,1,24,0,2164
359,1,0,0,1,1,23,0,1762
360,1,0,1,0,1,26,0,2726
361,1,0,1,0,1,30,0,3066
362,1,0,0,0,1,23,1,2697
363,1,0,0,0,1,24,0,3065
364,1,0,0,0,1,28,0,2378
365,1,0,0,1,1,37,0,1944
366,1,0,0,0,1,44,0,732
367,1,0,1,0,1,38,0,866
368,1,0,1,0,1,31,0,1922
369,1,0,0,0,1,35,0,1319
370,1,0,0,0,1,39,0,812
371,1,0,0,0,1,42,0,588
372,1,0,0,0,1,27,8,789
373,1,0,0,0,1,21,3,969
374,1,0,1,0,1,20,9,765
375,1,0,1,0,1,28,2,1788
376,1,0,0,0,1,30,0,1157
377,1,0,0,0,1,21,15,791
378,1,0,0,0,1,24,2,1118
379,1,0,0,0,1,24,0,1485
380,1,0,0,0,1,26,0,1620
381,1,0,1,0,1,25,0,2623
382,1,0,1,0,1,26,0,2500
383,1,0,0,0,1,32,0,1189
384,1,0,0,0,1,33,0,1056
385,1,0,0,0,1,28,1,1450
386,1,0,0,0,1,32,0,1151
387,1,0,0,0,1,26,0,1304
388,1,0,1,0,1,25,0,2435
389,1,0,1,0,1,22,0,2873
390,1,0,0,1,1,21,0,2406
391,1,0,0,0,0,23,0,679
392,1,0,0,0,0,26,0,526
393,1,0,0,0,0,30,0,625
394,1,0,0,0,0,29,0,665
395,1,0,1,0,0,24,0,1762
396,1,0,1,0,0,22,0,1884
397,1,0,0,0,0,24,0,538
398,1,0,0,0,0,29,0,458
399,1,0,0,0,0,26,0,566
400,1,0,0,0,0,30,0,399
401,1,0,0,0,0,38,0,707
402,1,0,1,0,0,39,0,973
403,1,0,1,0,0,33,0,1512
404,1,0,0,0,0,31,0,514
405,1,0,0,0,0,34,0,511
406,1,0,0,0,0,35,0,497
407,1,0,0,0,0,37,0,565
408,1,0,0,0,0,35,0,517
409,1,0,1,0,0,42,0,1294
410,1,0,1,0,0,39,0,1184
411,1,0,0,0,0,28,0,889
412,1,0,0,0,0,30,0,627
413,1,0,0,0,0,31,0,624
414,1,0,0,0,0,37,0,631
415,1,0,0,0,0,39,0,748
416,1,0,1,0,0,40,0,851
417,1,0,1,0,0,40,0,817
418,1,0,0,0,0,27,0,546
419,1,0,0,0,0,25,0,649
420,1,0,0,0,0,28,0,395
421,1,0,0,0,0,31,0,569
422,1,0,0,0,0,35,0,389
423,1,0,1,0,0,35,1,1264
424,1,0,1,0,0,25,0,2065
425,1,0,0,0,0,30,0,673
426,1,0,0,0,0,30,0,632
427,1,0,0,0,0,24,0,243
428,1,0,0,0,0,24,0,588
429,1,0,0,0,0,24,0,630
430,1,0,1,0,0,24,0,1826
431,1,0,1,0,0,24,0,2662
432,1,0,0,1,0,25,0,2508
433,1,0,0,0,0,25,0,604
434,1,0,0,0,0,25,0,607
435,1,0,0,0,0,26,0,432
436,1,0,0,0,0,25,0,577
437,1,0,1,0,0,29,0,1762
438,1,0,1,0,0,25,0,2121
439,1,0,0,0,0,34,0,577
440,1,0,0,0,0,27,0,616
441,1,0,0,0,0,28,1,633
442,1,0,0,0,0,27,0,555
443,1,0,0,0,0,24,0,938
444,1,0,1,0,0,25,0,1801
445,1,0,1,0,0,31,0,1975
446,1,0,0,0,0,23,0,722
447,1,0,0,0,0,19,0,593
448,1,0,0,0,0,23,0,463
449,1,0,0,0,0,19,1,565
450,1,0,0,0,0,20,0,626
451,1,0,1,0,0,23,0,1487
452,1,0,1,0,0,25,0,2012
453,1,0,0,0,0,26,0,777
454,1,0,0,0,0,32,0,676
455,1,0,0,0,0,30,0,671
456,1,0,0,0,0,21,1,859
457,1,0,0,1,0,23,0,2089
458,1,0,1,1,0,24,0,2239
459,1,0,1,1,0,22,0,2350
460,1,0,0,1,0,16,12,1491
461,1,0,0,0,0,17,13,679
462,1,0,0,0,0,20,0,732
463,1,0,0,0,0,18,0,687
464,1,0,0,0,0,21,0,963
465,1,0,1,0,1,26,0,1527
466,1,0,1,0,1,24,0,2037
467,1,0,0,0,1,27,0,711
468,1,0,0,0,1,30,0,1024
469,1,0,0,0,1,24,0,1055
470,1,0,0,0,1,19,0,771
471,1,0,0,0,1,17,11,716
472,1,0,1,0,1,19,0,1156
473,1,0,1,0,1,17,5,1448
474,1,0,0,0,1,17,0,1092
475,1,0,0,0,1,19,0,876
476,1,0,0,0,1,21,0,1059
477,1,0,0,0,1,20,0,805
478,1,0,0,0,1,17,2,489
479,1,0,1,1,1,16,13,1021
480,1,0,1,0,1,17,1,1505
481,1,0,0,0,0,18,0,522
482,1,0,0,0,0,17,0,498
483,1,0,0,0,0,18,0,847
484,1,0,0,0,0,22,0,611
485,1,0,0,0,0,23,0,726
486,1,0,1,0,0,21,0,1197
487,1,0,1,0,0,22,0,1276
488,0,0,0,0,0,28,0,597
489,0,0,0,0,0,17,2,609
490,0,0,0,0,0,18,1,340
491,0,0,0,0,0,17,1,359
492,0,0,0,0,0,17,4,318
493,0,0,1,0,0,18,6,645
494,0,0,1,0,0,19,4,605
495,0,0,0,0,0,17,4,463
496,0,0,0,0,0,16,4,295
497,0,0,0,0,0,15,2,448
498,0,0,0,0,0,16,0,315
499,0,0,0,0,0,16,0,400
500,0,0,1,0,0,18,0,541
501,0,0,1,0,0,23,0,753
502,0,0,0,0,0,22,0,342
503,0,0,0,0,0,20,15,379
504,0,0,0,0,0,16,3,219
505,0,0,0,0,0,14,0,193
506,0,0,0,0,0,17,0,405
507,0,0,1,0,0,18,0,501
508,0,0,1,0,0,18,0,766
509,0,0,0,0,0,21,0,361
510,0,0,0,0,0,21,1,415
511,0,0,0,0,0,20,0,359
512,0,0,0,0,0,19,0,314
513,0,0,0,0,0,17,3,380
514,0,0,1,0,0,16,0,666
515,0,0,1,0,0,17,3,702
516,0,0,0,0,0,14,0,376
517,0,0,0,0,0,14,0,209
518,0,0,0,0,0,16,0,311
519,0,0,0,0,0,17,1,233
520,0,0,0,0,0,17,0,465
521,0,0,1,0,0,21,0,897
522,0,0,1,0,0,17,0,1173
523,0,0,0,1,0,18,0,1317
524,0,0,0,0,0,16,3,308
525,0,0,0,0,0,14,0,219
526,0,0,0,0,0,14,0,352
527,0,0,0,0,0,20,0,366
528,0,0,1,0,0,20,0,619
529,0,0,1,0,0,19,0,592
530,0,0,0,0,0,16,1,317
531,0,0,0,0,0,16,1,201
532,0,0,0,0,0,17,0,290
533,0,0,0,0,0,16,1,340
534,0,0,0,0,0,15,0,339
535,0,0,1,0,0,14,0,485
536,0,0,1,0,0,15,0,681
537,0,0,0,0,0,18,0,349
538,0,0,0,0,0,18,0,202
539,0,0,0,0,0,14,0,364
540,0,0,0,0,0,14,0,262
541,0,0,0,0,0,16,0,450
542,0,0,1,0,0,16,0,644
543,0,0,0,0,0,14,0,460
544,0,0,0,0,0,15,0,511
545,0,0,0,0,0,16,0,464
546,0,0,0,0,0,14,0,448
547,0,0,1,0,1,17,0,1004
548,0,0,1,0,1,17,0,897
549,0,0,0,0,1,16,6,624
550,0,0,0,0,1,15,5,604
551,0,0,0,0,1,17,1,568
552,0,0,0,0,1,19,0,473
553,0,0,0,0,1,15,3,671
554,0,0,1,0,1,12,15,784
555,0,0,1,0,1,12,5,653
556,0,0,0,0,1,15,4,538
557,0,0,0,0,1,14,1,406
558,0,0,0,0,1,13,6,439
559,0,0,0,0,1,14,1,491
560,0,0,0,0,1,13,0,629
561,0,0,1,0,1,14,0,617
562,0,0,1,0,1,13,0,739
563,0,0,0,0,0,13,0,415
564,0,0,0,0,0,14,0,486
565,0,0,0,0,0,16,4,406
566,0,0,0,0,0,18,1,340
567,0,0,0,0,0,16,1,366
568,0,0,1,0,0,15,2,635
569,0,0,1,0,0,12,11,785
570,0,0,0,0,0,14,1,254
571,0,0,0,0,0,13,2,209
572,0,0,0,0,0,14,0,379
573,0,0,0,0,0,15,0,255
574,0,0,0,0,0,16,0,419
575,0,0,1,0,0,12,11,568
576,0,0,1,0,0,14,7,744
577,0,0,0,0,0,14,3,272
578,0,0,0,0,0,13,1,396
579,0,0,0,0,0,14,4,361
580,0,0,0,0,0,13,1,335
581,0,0,0,0,0,11,1,363
582,0,0,1,0,0,17,0,770
583,0,0,1,0,0,19,0,802
584,0,0,0,0,0,16,0,351
585,0,0,0,0,0,16,3,176
586,0,0,0,0,0,15,6,416
587,0,0,0,0,0,16,4,357
588,0,0,0,0,0,15,1,334
589,0,0,1,0,0,15,1,637
590,0,0,1,0,0,16,0,807
591,0,0,0,0,0,16,0,400
592,0,0,0,0,0,14,0,308
593,0,0,0,0,0,19,0,342
594,0,0,0,0,0,23,0,280
595,0,0,0,0,0,21,3,273
596,0,0,1,0,0,18,1,747
597,0,0,1,0,0,17,0,702
598,0,0,0,0,0,14,0,233
599,0,0,0,0,0,15,0,432
600,0,0,0,0,0,16,0,293
601,0,0,0,0,0,14,1,344
602,0,0,0,0,0,14,1,347
603,0,0,1,0,0,15,0,615
604,0,0,1,0,0,17,0,753
605,0,0,0,0,0,20,0,300
606,0,0,0,0,0,20,0,291
607,0,0,0,0,0,14,8,314
608,0,0,0,0,0,16,11,372
609,0,0,0,0,0,14,0,326
610,0,0,1,0,0,18,0,552
611,0,0,1,0,0,17,0,549
612,0,0,0,0,0,15,1,312
613,0,0,0,0,0,17,3,274
614,0,0,0,0,0,15,2,302
615,0,0,0,0,0,20,0,397
616,0,0,0,0,0,25,0,493
617,0,0,1,0,0,27,0,554
618,0,0,1,0,0,29,0,669
619,0,0,0,0,0,20,0,428
620,0,0,0,0,0,17,1,359
621,0,0,0,0,0,19,0,643
622,0,0,0,0,0,17,15,473
623,0,0,0,0,0,17,0,354
624,0,0,1,0,0,21,0,837
625,0,0,1,0,0,25,0,946
626,0,0,0,0,0,16,2,438
627,0,0,0,0,0,16,1,527
628,0,0,0,0,0,16,0,836
629,0,0,0,0,0,16,0,682
630,0,0,0,0,0,20,0,629
631,0,0,1,0,1,22,0,1033
632,0,0,1,0,1,25,0,972
633,0,0,0,0,1,20,0,790
634,0,0,0,0,1,18,0,806
635,0,0,0,0,1,22,0,694
636,0,0,0,0,1,24,0,727
637,0,0,0,0,1,31,0,751
638,0,0,1,0,1,33,0,838
639,0,0,1,0,1,30,0,1075
640,0,0,0,1,1,36,0,989
641,0,0,0,0,1,24,0,535
642,0,0,0,0,1,21,0,483
643,0,0,0,0,1,30,0,387
644,1,0,0,0,1,35,0,574
645,1,0,1,0,1,29,0,682
646,1,0,1,0,1,21,0,955
647,1,0,0,0,0,20,0,439
648,1,0,0,0,0,22,0,538
649,1,0,0,0,0,30,0,476
650,1,0,0,0,0,36,0,428
651,1,0,0,0,0,21,1,545
652,1,0,1,0,0,25,3,1440
653,1,0,1,0,0,30,0,1902
654,1,0,0,0,0,33,0,674
655,1,0,0,0,0,25,0,635
656,1,0,0,0,0,19,5,484
657,1,0,0,0,0,20,0,733
658,1,0,0,0,0,24,0,1075
659,1,0,1,0,0,33,0,1945
660,1,0,1,0,0,25,0,2305
661,1,0,0,0,0,21,0,652
662,1,0,0,0,0,25,0,567
663,0,0,0,0,0,28,0,412
664,1,0,0,0,0,34,0,774
665,1,0,0,0,0,28,0,787
666,1,0,1,0,0,28,0,1881
667,1,0,1,0,0,25,0,2404
668,1,0,0,0,0,24,0,906
669,1,0,0,0,0,28,0,558
670,1,0,0,0,0,26,5,605
671,1,0,0,0,0,21,2,705
672,1,0,0,0,0,22,1,1023
673,1,0,1,0,0,28,0,2264
674,1,0,1,0,0,36,0,1480
675,1,0,0,0,0,37,0,729
676,1,0,0,0,0,26,0,681
677,1,0,0,0,0,27,0,841
678,1,0,0,0,0,28,0,495
679,1,0,0,0,0,22,0,1073
680,1,0,1,0,0,22,0,2424
681,1,0,1,0,0,25,0,2506
682,1,0,0,0,0,31,0,931
683,1,0,0,0,0,36,0,732
684,1,0,0,0,0,40,0,508
685,1,0,0,0,0,37,0,696
686,1,0,0,0,0,23,0,1051
687,1,0,1,0,0,22,0,2854
688,1,0,1,0,0,21,0,2590
689,1,0,0,0,0,23,0,1098
690,1,0,0,0,0,29,0,968
691,0,0,0,0,0,32,0,842
692,1,0,0,0,0,20,1,1165
693,1,0,0,0,0,22,0,1033
694,1,0,1,0,0,24,0,2172
695,1,0,1,0,0,29,0,3009
696,1,0,0,0,0,35,0,1147
697,1,1,0,0,0,20,0,652
698,1,1,0,0,0,21,1,975
699,1,1,0,0,0,28,0,975
700,1,1,0,0,0,35,0,973
701,1,1,1,0,0,40,0,1312
702,1,1,1,0,0,42,0,1026
703,1,1,0,0,0,39,0,882
704,1,1,0,0,0,26,6,720
705,1,1,0,0,0,26,0,1133
706,1,1,0,0,0,26,0,944
707,1,1,0,0,0,23,0,1179
708,1,1,1,0,1,24,0,2539
709,1,1,1,0,1,33,0,2707
710,1,1,0,0,1,37,0,1236
711,1,1,0,0,1,36,0,1030
712,1,1,0,0,1,41,0,1122
713,1,1,0,0,1,43,0,725
714,1,1,0,0,1,41,0,182
715,1,1,1,0,1,43,0,1005
716,1,1,1,0,1,24,3,2278
717,1,1,0,0,1,24,2,1977
718,1,1,0,0,1,32,0,2080
719,1,1,0,0,1,35,0,2300
720,1,1,0,0,1,39,0,1575
721,1,0,1,0,1,24,1,1873
722,1,0,1,0,1,26,0,2678
723,1,0,0,1,1,29,0,2953
724,1,0,0,0,1,34,0,1539
725,1,0,0,0,1,38,0,1215
726,1,0,0,0,1,41,0,1605
727,1,0,0,1,1,35,0,1693
728,1,0,1,0,1,27,0,2687
729,1,0,1,0,1,29,0,2893
730,1,0,0,0,1,32,0,1821
731,1,0,0,0,1,30,0,1966
732,1,0,0,0,1,30,0,2148
733,1,0,0,0,1,31,0,2065
734,1,0,0,0,1,31,0,1444
735,1,0,1,0,1,35,0,2287
736,1,0,1,0,1,38,0,1510
737,1,0,0,0,1,38,0,952
738,1,0,0,0,1,40,0,603
739,1,0,0,0,1,35,0,837
740,1,0,0,0,1,24,0,1698
741,1,0,0,0,1,26,0,1923
742,1,0,1,0,1,30,0,2412
743,1,0,1,0,1,37,0,1312
744,1,0,0,0,1,39,0,354
745,1,0,0,0,1,36,0,300
746,1,0,0,0,1,34,0,1014
747,1,0,0,0,1,37,0,1124
748,1,0,0,0,1,30,8,1032
749,1,0,1,0,1,26,8,2345
750,1,0,1,0,1,29,0,2319
751,1,0,0,0,1,30,0,775
752,1,0,0,1,1,33,0,2239
753,1,0,0,0,1,33,0,961
754,1,0,0,0,1,26,0,1165
755,1,0,0,0,1,20,15,714
756,1,0,1,0,1,24,15,1475
757,1,0,1,0,1,25,0,2312
758,1,0,0,0,0,33,0,629
759,0,0,0,0,0,25,13,208
760,1,0,0,0,0,23,5,547
761,1,0,0,0,0,24,0,718
762,1,0,0,0,0,30,0,765
763,1,0,1,0,0,33,0,1447
764,1,0,1,0,0,31,0,1696
765,1,0,0,0,0,30,0,611
766,1,0,0,0,0,35,0,674
767,1,0,0,0,0,35,0,494
768,1,0,0,0,0,32,0,480
769,1,0,0,0,0,34,0,593
770,1,0,1,0,0,29,0,1807
771,1,0,1,0,0,25,0,2625
772,1,0,0,0,0,24,0,612
773,1,0,0,0,0,24,0,579
774,1,0,0,0,0,26,0,739
775,1,0,0,0,0,28,0,541
776,1,0,0,0,0,25,0,750
777,1,0,1,0,0,26,0,1820
778,1,0,1,0,0,37,0,1528
779,1,0,0,0,0,40,0,512
780,1,0,0,0,0,37,0,429
781,1,0,0,0,0,28,0,488
782,1,0,0,0,0,26,0,580
783,1,0,0,0,0,25,0,905
784,1,0,1,0,0,25,0,1613
785,1,0,1,0,0,30,0,2007
786,1,0,0,0,0,31,0,465
787,1,0,0,0,0,33,0,440
788,1,0,0,0,0,35,0,622
789,1,0,0,0,0,34,0,464
790,1,0,0,0,0,33,0,550
791,1,0,1,0,0,39,0,1041
792,1,0,1,0,0,38,0,1149
793,1,0,0,0,0,31,15,621
794,1,0,0,0,0,37,0,383
795,1,0,0,0,0,30,0,471
796,1,0,0,0,0,29,15,550
797,0,0,0,0,0,31,2,576
798,1,0,1,0,0,31,0,1470
799,1,0,1,0,0,32,0,2067
800,1,0,0,1,0,27,0,3012
801,1,0,0,0,0,30,0,601
802,1,0,0,0,0,33,0,402
803,1,0,0,0,0,35,0,395
804,1,0,0,0,0,21,8,632
805,1,0,1,0,0,22,0,1536
806,1,0,1,0,0,24,0,2146
807,0,0,0,0,0,25,0,518
808,0,0,0,0,0,30,0,474
809,0,0,0,0,0,25,0,387
810,1,0,0,0,0,28,0,461
811,1,0,0,1,0,23,1,1396
812,1,0,1,1,0,21,0,2159
813,1,0,1,1,0,22,0,1546
814,1,0,0,1,0,23,0,1183
815,1,0,0,0,0,22,0,586
816,1,0,0,0,0,20,0,891
817,1,0,0,0,0,24,0,406
818,1,0,0,0,0,29,0,479
819,1,0,1,0,0,24,0,1378
820,1,0,1,0,0,23,0,1939
821,1,0,0,0,0,28,0,727
822,1,0,0,0,0,28,0,632
823,1,0,0,0,0,20,5,417
824,1,0,0,0,0,20,0,775
825,1,0,0,0,0,21,0,719
826,1,0,1,0,0,22,0,1342
827,1,0,1,0,0,23,0,1634
828,1,0,0,0,0,23,0,770
829,1,0,0,0,0,24,0,906
830,1,0,0,0,0,24,0,867
831,1,0,0,0,0,27,0,851
832,1,0,0,0,0,29,0,905
833,1,0,1,0,1,21,0,1381
834,1,0,1,0,1,22,0,1954
835,1,0,0,0,1,26,0,1107
836,1,0,0,0,1,30,0,1257
837,1,0,0,0,1,30,0,1082
838,0,0,0,0,1,24,0,692
839,0,0,0,0,1,20,0,726
840,1,0,1,0,1,20,0,2005
841,1,0,1,0,1,25,0,2588
842,1,0,0,1,1,28,0,1602
843,1,0,0,0,1,30,0,979
844,1,0,0,0,1,28,0,941
845,1,0,0,0,1,27,0,786
846,1,0,0,0,1,24,4,699
847,1,0,1,0,1,26,0,1448
848,1,0,1,0,1,18,2,1295
849,1,0,0,0,0,20,0,491
850,1,0,0,0,0,20,1,484
851,1,0,0,0,0,19,5,480
852,1,0,0,0,0,25,0,540
853,1,0,0,0,0,25,0,685
854,1,0,1,0,0,24,0,835
855,1,0,1,0,0,20,0,963
856,0,0,0,0,0,18,1,318
857,1,0,0,0,0,18,15,357
858,1,0,0,0,0,19,1,417
859,1,0,0,0,0,19,5,255
860,0,0,0,0,0,21,0,438
861,1,0,1,0,0,23,0,1097
862,1,0,1,0,0,21,0,1514
863,1,0,0,0,0,22,1,552
864,1,0,0,0,0,20,0,443
865,1,0,0,0,0,20,0,426
866,1,0,0,0,0,19,0,396
867,1,0,0,0,0,19,0,460
868,1,0,1,0,0,24,0,947
869,1,0,1,0,0,23,0,823
870,1,0,0,0,0,19,7,482
871,1,0,0,0,0,21,0,393
872,1,0,0,0,0,15,3,405
873,1,0,0,0,0,17,15,478
874,0,0,0,0,0,16,3,387
875,1,0,1,0,0,17,15,899
876,0,0,1,0,0,16,0,1125
877,0,0,0,0,0,18,1,338
878,0,0,0,0,0,18,0,475
879,0,0,0,0,0,20,0,277
880,0,0,0,0,0,19,0,361
881,0,0,0,0,0,18,15,427
882,0,0,1,0,0,17,0,819
883,0,0,1,0,0,16,0,690
884,0,0,0,0,0,16,11,349
885,0,0,0,0,0,17,2,344
886,0,0,0,0,0,18,4,306
887,0,0,0,0,0,16,5,308
888,0,0,0,0,0,16,2,559
889,0,0,1,0,0,16,2,874
890,0,0,1,0,0,15,0,1388
891,0,0,0,1,0,15,0,1320
892,0,0,0,0,0,21,0,447
893,0,0,0,0,0,20,0,411
894,0,0,0,0,0,16,2,344
895,0,0,0,0,0,17,4,399
896,0,0,1,0,0,15,0,677
897,0,0,1,0,0,15,0,809
898,0,0,0,0,0,15,1,391
899,0,0,0,0,0,14,4,319
900,0,0,0,0,0,17,12,434
901,0,0,0,0,0,13,3,261
902,0,0,0,0,0,13,15,385
903,0,0,1,0,0,14,1,855
904,0,0,1,0,0,14,0,800
905,0,0,0,0,0,15,3,402
906,0,0,0,0,0,16,0,318
907,0,0,0,0,0,13,0,351
908,0,0,0,0,0,14,2,428
909,0,0,0,0,0,14,3,411
910,0,0,1,0,0,16,1,714
911,0,0,1,0,0,16,0,723
912,0,0,0,0,0,12,0,515
913,0,0,0,0,0,14,15,493
914,0,0,0,0,0,15,2,575
915,0,0,0,0,0,15,2,535
916,0,0,0,0,0,14,0,432
917,0,0,1,0,1,14,0,867
918,0,0,1,0,1,16,7,783
919,0,0,0,0,1,16,1,491
920,0,0,0,0,1,11,6,323
921,0,0,0,0,1,14,7,458
922,0,0,0,0,1,14,1,487
923,0,0,0,0,1,14,0,565
924,0,0,1,0,1,16,0,802
925,0,0,1,0,1,17,0,766
926,0,0,0,0,1,20,0,555
927,0,0,0,0,1,20,0,395
928,0,0,0,0,1,19,5,480
929,0,0,0,0,1,23,0,407
930,0,0,0,0,1,16,1,492
931,0,0,1,0,1,14,4,694
932,0,0,1,0,1,13,0,631
933,0,0,0,0,0,13,11,274
934,0,0,0,0,0,12,9,273
935,0,0,0,0,0,14,10,299
936,0,0,0,0,0,14,0,321
937,0,0,0,0,0,16,0,384
938,0,0,1,0,0,17,0,712
939,0,0,1,0,0,17,4,740
940,0,0,0,0,0,14,11,303
941,0,0,0,0,0,15,2,363
942,0,0,0,0,0,15,0,329
943,0,0,0,0,0,13,0,377
944,0,0,0,0,0,15,0,577
945,0,0,1,0,0,17,0,640
946,0,0,1,0,0,20,0,968
947,0,0,0,0,0,22,0,403
948,0,0,0,0,0,19,1,349
949,0,0,0,0,0,15,4,213
950,0,0,0,0,0,16,8,338
951,0,0,0,0,0,18,0,456
952,0,0,1,0,0,16,0,798
953,0,0,1,0,0,17,0,757
954,0,0,0,0,0,21,0,331
955,0,0,0,0,0,23,0,439
956,0,0,0,0,0,22,1,352
957,0,0,0,0,0,25,0,420
958,0,0,0,0,0,14,15,347
959,0,0,1,0,0,16,7,777
960,0,0,1,0,0,17,0,702
961,0,0,0,0,0,18,0,520
962,0,0,0,0,0,17,0,397
963,0,0,0,0,0,17,0,347
964,0,0,0,0,0,16,0,421
965,0,0,0,0,0,14,0,500
966,0,0,1,0,0,18,0,738
967,0,0,1,0,0,22,0,940
968,0,0,0,0,0,22,2,369
969,0,0,0,0,0,20,6,338
970,0,0,0,0,0,17,1,525
971,0,0,0,0,0,19,0,263
972,0,0,0,0,0,19,0,506
973,0,0,1,0,0,16,0,775
974,0,0,1,0,0,17,1,711
975,0,0,0,0,0,20,0,508
976,0,0,0,0,0,23,0,564
977,0,0,0,0,0,25,0,627
978,0,0,0,0,0,20,1,370
979,0,0,0,0,0,17,15,461
980,0,0,1,0,0,16,0,601
981,0,0,1,0,0,18,0,816
982,0,0,0,0,0,13,0,479
983,0,0,0,0,0,14,6,366
984,0,0,0,0,0,12,15,216
985,0,0,0,0,0,15,15,349
986,0,0,0,0,0,19,0,617
987,0,0,1,0,0,21,0,620
988,0,0,1,0,0,14,2,851
989,0,0,0,0,0,16,0,557
990,0,0,0,0,0,18,0,564
991,0,0,0,0,0,14,2,652
992,0,0,0,0,0,16,0,746
993,0,0,0,0,0,21,0,652
994,0,0,1,0,0,17,2,992
995,0,0,1,0,0,17,2,1056
996,0,0,0,0,0,18,0,575
997,0,0,0,0,0,18,0,665
998,0,0,0,0,0,20,0,301
999,0,0,0,0,0,16,15,412
1000,0,0,0,0,0,16,12,437
1001,0,0,1,0,1,22,4,890
1002,0,0,1,0,1,21,0,927
1003,0,0,0,1,1,15,15,730
1004,0,0,0,0,1,16,12,404
1005,0,0,0,0,1,21,0,616
1006,0,0,0,0,1,29,0,589
1007,0,0,0,0,1,24,0,533
1008,0,0,1,0,1,26,0,862
1009,0,0,1,0,1,26,0,491
1010,0,0,0,0,1,17,2,379
1011,0,0,0,0,1,17,0,481
1012,0,0,0,0,1,17,1,577
1013,0,0,0,0,1,20,1,686
1014,0,0,0,0,1,26,0,509
1015,0,0,1,0,1,28,0,803
1016,0,0,1,0,1,15,1,804
1017,0,0,0,0,0,16,15,341
1018,0,0,0,0,0,15,4,556
1019,0,0,0,0,0,20,4,622
1020,0,0,0,0,0,31,0,511
1021,0,0,0,0,0,17,9,436
1022,0,0,1,0,0,16,0,739
1023,0,0,1,0,0,18,0,864
1024,0,0,0,0,0,23,0,540
1025,0,0,0,0,0,28,0,494
1026,0,0,0,0,0,19,0,322
1027,1,0,0,0,0,21,0,517
1028,1,0,0,0,0,22,0,686
1029,1,0,1,0,0,30,0,1170
1030,1,0,1,0,0,18,0,1272
1031,1,0,0,0,0,18,1,635
1032,1,0,0,0,0,19,0,536
1033,1,0,0,0,0,20,0,492
1034,1,0,0,0,0,25,0,717
1035,1,0,0,0,0,28,0,973
1036,1,0,1,0,0,19,0,2295
1037,1,0,1,0,0,25,0,2622
1038,1,0,0,0,0,26,0,811
1039,1,0,0,0,0,19,0,859
1040,0,0,0,0,0,23,0,655
1041,0,0,0,0,0,25,0,544
1042,1,0,0,0,0,32,0,750
1043,1,0,1,0,0,20,14,1468
1044,1,0,1,0,0,17,15,1497
1045,0,0,0,0,0,19,2,581
1046,0,0,0,0,0,20,0,517
1047,0,0,0,0,0,29,0,586
1048,1,0,0,0,0,35,0,641
1049,0,0,0,0,0,26,0,569
1050,1,0,1,0,0,29,0,2172
1051,0,0,1,0,0,36,0,1153
1052,1,0,0,0,0,32,0,693
1053,1,0,0,0,0,18,1,848
1054,1,0,0,0,0,21,0,703
1055,0,0,0,0,0,21,0,628
1056,0,0,0,0,0,23,0,786
1057,1,0,1,0,0,25,0,2281
1058,0,0,1,0,0,28,0,1576
1059,0,0,0,0,0,30,0,820
1060,0,0,0,0,0,27,0,471
1061,1,0,0,0,0,23,0,670
1062,1,1,0,0,0,24,0,778
1063,1,1,0,0,0,25,0,1049
1064,1,1,1,0,0,32,0,2102
1065,1,1,1,0,0,29,0,1265
1066,1,1,0,0,0,23,5,979
1067,1,1,0,0,0,24,0,1082
1068,1,1,0,0,0,31,0,1010
1069,1,1,0,0,0,21,8,907
1070,1,1,0,0,0,22,1,1320
1071,1,1,1,0,0,26,0,2836
1072,1,1,1,0,0,31,0,2442
1073,1,1,0,0,0,37,0,1146
1074,1,1,0,0,0,36,0,862
1075,1,1,0,0,0,24,0,1302
1076,1,1,0,0,0,23,0,1632
1077,1,1,0,0,0,28,0,1540
1078,1,1,1,0,1,22,0,2931
1079,1,1,1,0,1,27,0,3310
1080,1,1,0,0,1,37,0,1913
1081,1,1,0,0,1,23,2,2137
1082,1,1,0,0,1,27,0,2356
1083,1,1,0,0,1,33,0,2457
1084,1,1,0,0,1,38,0,2197
1085,1,1,1,0,1,36,0,1646
1086,1,0,0,0,1,28,0,1439
1087,1,0,0,1,1,30,6,1862
1088,1,0,0,0,1,31,3,3947
1089,1,0,0,0,1,24,0,3523
1090,1,0,1,0,1,25,0,1324
1091,1,0,1,1,1,24,0,2236
1092,1,0,0,0,1,25,0,3601
1093,1,0,0,0,1,28,0,2629
1094,1,0,0,0,1,33,0,1990
1095,1,0,0,0,1,36,0,1982
1096,1,0,0,0,1,40,0,1136
1097,1,0,1,0,1,41,0,1075
1098,1,0,1,0,1,28,0,2664
1099,1,0,0,0,1,30,0,1956
1100,1,0,0,0,1,29,0,2072
1101,1,0,0,0,1,28,0,2185
1102,1,0,0,0,1,37,0,1470
1103,1,0,0,0,1,23,12,579
1104,1,0,1,0,1,23,8,2957
1105,1,0,1,0,1,26,0,3000
1106,1,0,0,0,1,36,0,1369
1107,1,0,0,0,1,41,0,701
1108,1,0,0,0,1,27,0,1979
1109,1,0,0,0,1,38,0,1386
1110,1,0,0,0,1,24,15,1296
1111,1,0,1,0,1,27,0,2512
1112,1,0,1,0,1,34,0,2101
1113,1,0,0,0,1,33,0,938
1114,1,0,0,0,1,25,6,1871
1115,1,0,0,0,1,27,0,1557
1116,1,0,0,1,1,28,0,2096
1117,1,0,0,0,1,32,0,1994
1118,1,0,1,0,1,32,0,2335
1119,1,0,1,0,1,39,0,1731
1120,1,0,0,0,0,29,0,558
1121,1,0,0,0,0,26,0,847
1122,1,0,0,0,0,26,0,611
1123,1,0,0,0,0,26,0,838
1124,1,0,0,0,0,30,0,717
1125,1,0,1,0,0,30,0,1881
1126,1,0,1,0,0,25,1,988
1127,1,0,0,0,0,19,15,338
1128,1,0,0,0,0,32,0,788
1129,1,0,0,0,0,42,0,431
1130,1,0,0,0,0,41,0,424
1131,1,0,0,0,0,40,0,481
1132,1,0,1,0,0,34,0,1393
1133,1,0,1,0,0,23,0,2818
1134,1,0,0,0,0,24,0,967
1135,1,0,0,0,0,28,0,1021
1136,1,0,0,0,0,33,0,615
1137,1,0,0,0,0,27,0,899
1138,1,0,0,0,0,23,0,752
1139,1,0,1,0,0,21,0,1633
1140,1,0,1,0,0,20,2,1788
1141,1,0,0,0,0,23,1,684
1142,1,0,0,0,0,31,0,642
1143,1,0,0,0,0,30,0,684
1144,1,0,0,0,0,25,0,690
1145,1,0,0,0,0,25,0,694
1146,1,0,1,0,0,25,0,2196
1147,1,0,1,0,0,27,0,2415
1148,1,0,0,0,0,35,0,509
1149,1,0,0,0,0,38,0,289
1150,1,0,0,0,0,39,0,446
1151,1,0,0,0,0,36,0,570
1152,1,0,0,0,0,34,0,604
1153,1,0,1,0,0,33,0,1541
1154,1,0,1,0,0,27,0,2427
1155,1,0,0,0,0,29,0,815
1156,1,0,0,0,0,32,0,593
1157,1,0,0,0,0,33,0,718
1158,1,0,0,0,0,33,0,516
1159,1,0,0,0,0,32,0,901
1160,1,0,1,0,0,31,0,2217
1161,1,0,1,0,0,22,1,1625
1162,1,0,0,1,0,23,7,3170
1163,1,0,0,0,0,30,0,986
1164,1,0,0,0,0,35,0,832
1165,1,0,0,0,0,23,0,767
1166,1,0,0,0,0,27,0,854
1167,1,0,1,0,0,34,0,1696
1168,1,0,1,0,0,35,0,1773
1169,1,0,0,0,0,34,0,548
1170,1,0,0,0,0,30,15,570
1171,1,0,0,0,0,23,0,517
1172,1,0,0,0,0,29,0,676
1173,1,0,0,0,0,33,0,680
1174,1,0,1,0,0,28,0,1820
1175,1,0,1,0,0,33,0,1676
1176,1,0,0,0,0,24,0,505
1177,1,0,0,0,0,25,0,512
1178,1,0,0,0,0,23,0,445
1179,1,0,0,0,0,20,4,609
1180,1,0,0,0,0,20,0,633
1181,1,0,1,0,0,22,0,1680
1182,1,0,1,0,0,21,0,2139
1183,1,0,0,0,0,22,0,714
1184,1,0,0,0,0,27,0,637
1185,1,0,0,0,0,29,0,770
1186,1,0,0,0,0,29,0,890
1187,1,0,0,0,0,30,0,940
1188,1,0,1,0,0,29,0,1769
1189,1,0,1,0,0,18,3,1293
1190,1,0,0,0,0,19,1,950
1191,1,0,0,0,0,21,0,803
1192,1,0,0,0,0,24,0,966
1193,1,0,0,0,0,26,0,1142
1194,1,0,0,1,0,24,0,2409
1195,1,0,1,1,1,26,0,2463
1196,1,0,1,1,1,24,0,2756
1197,1,0,0,1,1,28,0,2765
1198,1,0,0,0,1,29,0,1508
1199,1,0,0,0,1,31,0,1455
1200,1,0,0,0,1,21,0,669
1201,1,0,0,0,1,23,5,1397
1202,1,0,1,0,1,24,0,2128
1203,1,0,1,0,1,25,0,2574
1204,1,0,0,0,1,20,3,1176
1205,1,0,0,1,1,21,8,1910
1206,0,0,0,0,1,16,6,553
1207,0,0,0,0,1,18,0,499
1208,0,0,0,0,1,17,4,663
1209,0,0,1,0,1,18,3,852
1210,0,0,1,0,1,20,0,877
1211,0,0,0,0,0,18,0,419
1212,0,0,0,0,0,17,3,366
1213,0,0,0,0,0,18,0,434
1214,1,0,0,0,0,18,0,447
1215,1,0,0,0,0,20,0,632
1216,1,0,1,0,0,20,0,962
1217,0,0,1,0,0,15,0,958
1218,0,0,0,0,0,17,0,396
1219,0,0,0,0,0,19,0,308
1220,0,0,0,0,0,21,0,391
1221,0,0,0,0,0,21,0,416
1222,0,0,0,0,0,21,0,550
1223,1,0,1,0,0,21,0,765
1224,1,0,1,0,0,21,0,1209
1225,0,0,0,0,0,23,0,420
1226,0,0,0,0,0,21,0,527
1227,0,0,0,0,0,18,1,279
1228,0,0,0,0,0,21,5,482
1229,0,0,0,0,0,20,0,536
1230,0,0,1,0,0,21,0,775
1231,0,0,1,0,0,23,0,867
1232,0,0,0,0,0,20,0,373
1233,0,0,0,0,0,19,2,322
1234,0,0,0,0,0,19,4,203
1235,0,0,0,0,0,20,0,464
1236,0,0,0,0,0,22,0,450
1237,0,0,1,0,0,20,0,502
1238,0,0,1,0,0,15,15,718
1239,0,0,0,0,0,15,4,510
1240,0,0,0,0,0,15,15,351
1241,0,0,0,0,0,15,0,360
1242,0,0,0,0,0,15,0,301
1243,0,0,0,0,0,17,0,215
1244,0,0,1,0,0,18,0,739
1245,0,0,1,0,0,16,0,817
1246,0,0,0,0,0,18,0,298
1247,0,0,0,0,0,17,0,311
1248,0,0,0,0,0,16,0,236
1249,0,0,0,0,0,17,0,366
1250,0,0,0,0,0,15,0,352
1251,0,0,1,0,0,16,0,776
1252,0,0,1,0,0,16,0,1277
1253,0,0,0,1,0,18,0,1188
1254,0,0,0,0,0,18,0,285
1255,0,0,0,0,0,19,0,285
1256,0,0,0,0,0,19,0,264
1257,0,0,0,0,0,15,0,411
1258,0,0,1,0,0,17,1,448
1259,0,0,1,0,0,17,0,588
1260,0,0,0,0,0,19,0,334
1261,0,0,0,0,0,19,0,242
1262,0,0,0,0,0,19,0,313
1263,0,0,0,0,0,20,0,481
1264,0,0,0,0,0,19,0,413
1265,0,0,1,0,0,17,0,570
1266,0,0,1,0,0,15,0,760
1267,0,0,0,0,0,16,2,323
1268,0,0,0,0,0,17,0,357
1269,0,0,0,0,0,16,0,367
1270,0,0,0,0,0,14,3,394
1271,0,0,0,0,0,16,2,302
1272,0,0,1,0,0,17,0,754
1273,0,0,1,0,0,18,0,786
1274,0,0,0,0,0,13,1,365
1275,0,0,0,0,0,16,9,344
1276,0,0,0,0,0,16,10,348
1277,0,0,0,0,0,17,0,447
1278,0,0,0,0,0,14,6,533
1279,0,0,1,0,1,15,7,776
1280,0,0,1,0,1,15,1,793
1281,0,0,0,0,1,17,0,511
1282,0,0,0,0,1,19,0,477
1283,0,0,0,0,1,18,0,562
1284,0,0,0,0,1,18,0,632
1285,0,0,0,0,1,14,3,419
1286,0,0,1,0,1,15,3,609
1287,0,0,1,0,1,13,0,605
1288,0,0,0,0,1,15,10,300
1289,0,0,0,0,1,14,13,282
1290,0,0,0,0,1,14,4,524
1291,0,0,0,0,1,15,0,530
1292,0,0,0,0,1,18,0,525
1293,0,0,1,0,1,19,0,756
1294,0,0,1,0,1,17,0,699
1295,0,0,0,0,0,19,6,353
1296,0,0,0,0,0,17,0,243
1297,0,0,0,0,0,17,0,304
1298,0,0,0,0,0,17,0,282
1299,0,0,0,0,0,20,3,388
1300,0,0,1,0,0,22,0,674
1301,0,0,1,0,0,16,6,582
1302,0,0,0,0,0,15,8,238
1303,0,0,0,0,0,17,0,207
1304,0,0,0,0,0,16,0,210
1305,0,0,0,0,0,12,11,337
1306,0,0,0,0,0,13,1,412
1307,0,0,1,0,0,15,5,521
1308,0,0,1,0,0,14,10,559
1309,0,0,0,0,0,15,7,337
1310,0,0,0,0,0,15,0,282
1311,0,0,0,0,0,19,0,224
1312,0,0,0,0,0,19,0,392
1313,0,0,0,0,0,17,0,371
1314,0,0,1,0,0,18,0,787
1315,0,0,1,0,0,23,0,776
1316,0,0,0,0,0,22,0,252
1317,0,0,0,0,0,16,8,182
1318,0,0,0,0,0,17,15,312
1319,0,0,0,0,0,16,3,292
1320,0,0,0,0,0,15,7,567
1321,0,0,1,0,0,15,1,640
1322,0,0,1,0,0,15,0,680
1323,0,0,0,0,0,14,13,299
1324,0,0,0,0,0,17,0,266
1325,0,0,0,0,0,15,0,350
1326,0,0,0,0,0,15,3,477
1327,0,0,0,0,0,13,0,439
1328,0,0,1,0,0,15,0,769
1329,0,0,1,0,0,14,1,652
1330,0,0,0,0,0,12,0,306
1331,0,0,0,0,0,15,0,337
1332,0,0,0,0,0,17,0,299
1333,0,0,0,0,0,19,0,405
1334,0,0,0,0,0,23,0,470
1335,0,0,1,0,0,22,5,720
1336,0,0,1,0,0,15,15,836
1337,0,0,0,0,0,14,8,458
1338,0,0,0,0,0,15,4,205
1339,0,0,0,0,0,15,0,260
1340,0,0,0,0,0,16,2,268
1341,0,0,0,0,0,16,1,440
1342,0,0,1,0,0,17,0,972
1343,0,0,1,0,0,21,0,838
1344,0,0,0,0,0,25,0,378
1345,0,0,0,0,0,23,1,311
1346,0,0,0,0,0,14,7,336
1347,0,0,0,0,0,16,2,350
1348,0,0,0,0,0,17,1,583
1349,0,0,1,0,0,18,0,879
1350,0,0,1,0,0,25,0,918
1351,0,0,0,0,0,18,0,378
1352,0,0,0,0,0,17,3,387
1353,0,0,0,0,0,23,0,281
1354,0,0,0,0,0,21,0,507
1355,0,0,0,0,0,30,0,480
1356,0,0,1,0,0,24,0,889
1357,0,0,1,0,0,19,0,865
1358,0,0,0,0,0,19,0,542
1359,0,0,0,0,0,23,0,653
1360,0,0,0,0,0,25,0,529
1361,0,0,0,0,0,17,2,598
1362,0,0,0,0,0,18,3,659
1363,0,0,1,0,1,18,0,833
1364,0,0,1,0,1,18,0,956
1365,0,0,0,1,1,23,0,1206
1366,0,0,0,0,1,28,0,562
1367,0,0,0,0,1,30,0,579
1368,0,0,0,0,1,18,2,856
1369,0,0,0,0,1,20,0,715
1370,0,0,1,0,1,28,1,643
1371,0,0,1,0,1,27,0,717
1372,0,0,0,0,1,20,0,635
1373,0,0,0,0,1,27,0,582
1374,0,0,0,0,1,25,0,492
1375,0,0,0,0,1,23,12,528
1376,0,0,0,0,1,19,0,513
1377,0,0,1,0,1,22,3,829
1378,0,0,1,0,1,25,0,731
1379,0,0,0,0,0,32,0,437
1380,0,0,0,0,0,34,0,321
1381,0,0,0,0,0,34,0,550
1382,0,0,0,0,0,21,1,705
1383,0,0,0,0,0,20,0,494
1384,1,0,1,0,0,20,0,1063
1385,1,0,1,0,0,19,0,980
1386,1,0,0,0,0,25,0,361
1387,1,0,0,0,0,27,0,525
1388,1,0,0,0,0,24,5,436
1389,1,0,0,0,0,21,0,489
1390,1,0,0,0,0,33,0,601
1391,1,0,1,0,0,22,0,1588
1392,1,0,1,0,0,28,0,1660
1393,1,0,0,0,0,17,12,575
1394,1,0,0,0,0,20,0,658
1395,1,0,0,0,0,21,0,702
1396,1,0,0,0,0,22,0,705
1397,1,0,0,0,0,19,0,956
1398,1,0,1,0,0,21,0,2255
1399,1,0,1,0,0,25,0,3130
1400,1,0,0,0,0,20,0,608
1401,1,0,0,0,0,21,0,861
1402,1,0,0,0,0,25,0,1069
1403,1,0,0,0,0,31,0,879
1404,1,0,0,0,0,34,0,945
1405,1,0,1,0,0,32,0,2177
1406,1,0,1,0,0,35,0,2510
1407,1,0,0,0,0,37,0,755
1408,1,0,0,0,0,35,0,682
1409,1,0,0,0,0,19,3,552
1410,1,0,0,0,0,19,5,965
1411,1,0,0,0,0,18,1,801
1412,1,0,1,0,0,24,4,2594
1413,1,0,1,0,0,32,0,2828
1414,1,0,0,0,0,35,0,836
1415,1,0,0,0,0,36,0,886
1416,1,0,0,0,0,36,0,669
1417,1,0,0,0,0,26,4,802
1418,1,0,0,0,0,29,1,985
1419,1,0,1,0,0,28,5,3075
1420,1,0,1,0,0,23,0,2856
1421,1,0,0,0,0,28,0,1338
1422,1,0,0,0,0,36,0,856
1423,1,0,0,0,0,39,0,592
1424,1,0,0,0,0,35,0,872
1425,1,1,0,0,0,21,13,819
1426,1,1,1,0,0,20,0,1823
1427,1,1,1,0,0,20,0,2570
1428,1,1,0,0,0,22,0,1047
1429,0,1,0,0,0,19,1,326
1430,1,1,0,0,0,21,2,1210
1431,1,1,1,0,0,25,0,2675
1432,1,1,1,0,0,30,0,2408
1433,1,1,0,0,0,31,0,2296
1434,1,1,0,0,0,39,0,1636
1435,1,1,0,0,0,39,0,1048
1436,1,1,0,0,0,26,0,1264
1437,1,1,0,0,0,27,0,1590
1438,1,1,1,0,1,27,0,2725
1439,1,1,1,0,1,35,0,2206
1440,1,1,0,0,1,35,0,1201
1441,1,1,0,0,1,29,10,1601
1442,1,1,0,0,1,23,0,2342
1443,1,1,0,0,1,24,0,2373
1444,1,1,0,0,1,33,0,2544
1445,1,1,1,0,1,38,0,2740
1446,1,1,1,0,1,25,0,2530
1447,1,0,0,1,1,35,0,1674
1448,1,0,0,0,1,38,0,1494
1449,1,0,0,0,1,28,0,3696
1450,1,0,0,0,1,26,1,3033
1451,1,0,1,0,1,25,0,3345
1452,1,0,1,0,1,26,0,2425
1453,1,0,0,0,0,30,0,606
1454,1,0,1,0,0,33,0,1705
1455,1,0,1,0,0,35,0,1672
1456,1,0,0,0,0,37,0,525
1457,1,0,0,0,0,36,0,596
1458,1,0,0,0,0,41,0,376
1459,1,0,0,0,0,41,0,425
1460,1,0,0,0,0,41,0,401
1461,1,0,1,0,0,32,0,1483
1462,1,0,1,0,0,26,0,2703
1463,1,0,0,0,0,26,0,725
1464,1,0,0,0,0,30,0,514
1465,1,0,0,0,0,25,0,963
1466,1,0,0,0,0,24,0,716
1467,1,0,0,0,0,26,0,775
1468,1,0,1,0,0,28,0,1880
1469,1,0,1,0,0,27,0,1918
1470,1,0,0,0,0,29,1,515
1471,1,0,0,0,0,35,0,720
1472,1,0,0,0,0,32,0,604
1473,1,0,0,0,0,33,0,720
1474,1,0,0,0,0,35,1,686
1475,1,0,1,0,0,23,4,1559
1476,1,0,1,0,0,24,0,2105
1477,1,0,0,0,0,26,0,625
1478,1,0,0,0,0,36,0,367
1479,1,0,0,0,0,24,0,514
1480,1,0,0,0,0,29,0,679
1481,1,0,0,0,0,33,0,730
1482,1,0,1,0,0,27,0,2135
1483,1,0,1,0,0,24,0,1877
1484,1,0,0,0,0,24,0,754
1485,1,0,0,0,0,26,0,717
1486,1,0,0,0,0,35,0,562
1487,1,0,0,0,0,35,0,822
1488,1,0,0,0,0,36,0,707
1489,1,0,1,0,0,36,0,1282
1490,1,0,1,0,0,33,0,2504
1491,1,0,0,1,0,25,0,3049
1492,1,0,0,0,0,25,0,774
1493,1,0,0,0,0,25,0,773
1494,1,0,0,0,0,25,0,560
1495,1,0,0,0,0,27,0,736
1496,1,0,1,0,0,30,1,1354
1497,1,0,1,0,0,21,1,1722
1498,1,0,0,0,0,23,0,924
1499,1,0,0,0,0,23,0,519
1500,1,0,0,0,0,24,0,586
1501,1,0,0,0,0,30,0,782
1502,1,0,0,0,0,34,0,617
1503,1,0,1,0,0,35,0,1460
1504,1,0,1,0,0,22,0,1157
1505,1,0,0,0,0,20,3,509
1506,1,0,0,0,0,28,0,393
1507,1,0,0,0,0,23,0,822
1508,1,0,0,0,0,23,0,826
1509,1,0,0,1,0,23,0,2239
1510,1,0,1,1,0,27,0,2676
1511,1,0,1,1,0,29,0,2486
1512,1,0,0,1,0,23,0,2435
1513,1,0,0,0,0,24,0,765
1514,1,0,0,0,0,23,0,789
1515,1,0,0,0,0,25,0,853
1516,1,0,0,0,0,26,0,912
1517,1,0,1,0,0,32,0,1870
1518,1,0,1,0,0,34,0,1929
1519,1,0,0,0,0,37,0,712
1520,1,0,0,0,0,37,0,899
1521,1,0,0,0,0,37,0,709
1522,1,0,0,0,0,24,0,814
1523,1,0,0,0,0,24,0,616
1524,1,0,1,0,1,19,9,848
1525,1,0,1,0,1,20,4,948
1526,1,0,0,0,1,19,5,844
1527,1,0,0,0,1,22,1,1173
1528,1,0,0,0,1,27,0,1338
1529,1,0,0,0,1,30,0,1211
1530,1,0,0,0,1,32,0,1427
1531,1,0,1,0,1,31,1,1650
1532,1,0,1,0,1,32,0,2237
1533,1,0,0,0,1,32,0,1321
1534,1,0,0,0,1,23,1,1029
1535,1,0,0,1,1,23,2,3105
1536,1,0,0,0,1,21,0,1391
1537,1,0,0,0,1,23,0,1632
1538,1,0,1,0,1,23,0,1812
1539,1,0,1,0,1,23,0,2153
1540,1,0,0,0,0,23,0,634
1541,1,0,0,0,0,24,0,493
1542,1,0,0,0,0,27,0,590
1543,1,0,0,0,0,17,5,305
1544,1,0,0,0,0,19,15,511
1545,1,0,1,0,0,21,0,1116
1546,1,0,1,0,0,22,0,1872
1547,1,0,0,0,0,20,0,511
1548,1,0,0,0,0,19,1,611
1549,1,0,0,0,0,18,0,479
1550,1,0,0,0,0,15,5,365
1551,1,0,0,0,0,15,1,406
1552,1,0,1,0,0,18,1,1096
1553,1,0,1,0,0,19,0,1551
1554,0,0,0,0,0,16,0,456
1555,0,0,0,0,0,18,0,320
1556,0,0,0,0,0,16,1,366
1557,0,0,0,0,0,15,0,257
1558,0,0,0,0,0,18,6,436
1559,0,0,1,0,0,18,15,830
1560,0,0,1,0,0,16,0,556
1561,0,0,0,0,0,23,0,329
1562,0,0,0,0,0,17,0,347
1563,0,0,0,0,0,16,0,356
1564,0,0,0,0,0,16,0,342
1565,0,0,0,0,0,20,0,411
1566,0,0,1,0,0,24,0,671
1567,0,0,1,0,0,19,0,650
1568,0,0,0,0,0,22,1,240
1569,0,0,0,0,0,16,1,322
1570,0,0,0,0,0,17,1,302
1571,0,0,0,0,0,19,2,369
1572,0,0,0,0,0,19,0,374
1573,0,0,1,0,0,19,0,734
1574,0,0,1,0,0,19,0,538
1575,0,0,0,0,0,16,0,264
1576,0,0,0,0,0,17,0,338
1577,0,0,0,0,0,19,0,304
1578,0,0,0,0,0,19,0,418
1579,0,0,0,0,0,15,2,296
1580,0,0,1,0,0,18,1,787
1581,0,0,1,0,0,19,0,1295
1582,0,0,0,1,0,21,0,1003
1583,0,0,0,0,0,15,12,310
1584,0,0,0,0,0,16,11,299
1585,0,0,0,0,0,16,5,228
1586,0,0,0,0,0,15,9,358
1587,0,0,1,0,0,13,8,490
1588,0,0,1,0,0,14,4,593
1589,0,0,0,0,0,13,0,348
1590,0,0,0,0,0,13,0,286
1591,0,0,0,0,0,15,0,338
1592,0,0,0,0,0,17,0,290
1593,0,0,0,0,0,16,0,348
1594,0,0,1,0,0,17,0,584
1595,0,0,1,0,0,15,0,552
1596,0,0,0,0,0,13,0,259
1597,0,0,0,0,0,14,0,357
1598,0,0,0,0,0,14,0,196
1599,0,0,0,0,0,14,0,282
1600,0,0,0,0,0,15,0,302
1601,0,0,1,0,0,15,3,700
1602,0,0,1,0,0,16,0,797
1603,0,0,0,0,0,17,0,488
1604,0,0,0,0,0,19,0,344
1605,0,0,0,0,0,18,0,442
1606,0,0,0,0,0,18,1,403
1607,0,0,0,0,0,15,7,510
1608,0,0,1,0,1,14,11,858
1609,0,0,1,0,1,15,1,1068
1610,0,0,0,0,1,14,0,447
1611,0,0,0,0,1,15,0,688
1612,0,0,0,0,1,14,3,593
1613,0,0,0,0,1,15,5,599
1614,0,0,0,0,1,15,0,765
1615,0,0,1,0,1,17,0,1139
1616,0,0,1,0,1,17,0,1008
1617,0,0,0,0,1,17,0,540
1618,0,0,0,0,1,15,0,395
1619,0,0,0,0,1,17,5,595
1620,0,0,0,0,1,12,0,340
1621,0,0,0,0,1,14,15,454
1622,0,0,1,0,1,15,2,837
1623,0,0,1,0,1,18,0,744
1624,0,0,0,0,0,19,0,314
1625,0,0,0,0,0,18,3,326
1626,0,0,0,0,0,17,10,306
1627,0,0,0,0,0,20,0,305
1628,0,0,0,0,0,22,0,478
1629,0,0,1,0,0,18,0,823
1630,0,0,1,0,0,14,3,750
1631,0,0,0,0,0,16,0,232
1632,0,0,0,0,0,17,2,266
1633,0,0,0,0,0,17,2,297
1634,0,0,0,0,0,23,0,283
1635,0,0,0,0,0,14,15,353
1636,0,0,1,0,0,18,2,734
1637,0,0,1,0,0,16,0,539
1638,0,0,0,0,0,13,15,377
1639,0,0,0,0,0,14,10,196
1640,0,0,0,0,0,16,3,289
1641,0,0,0,0,0,20,0,437
1642,0,0,0,0,0,18,0,383
1643,0,0,1,0,0,12,8,688
1644,0,0,1,0,0,16,3,662
1645,0,0,0,0,0,15,2,336
1646,0,0,0,0,0,19,0,289
1647,0,0,0,0,0,17,0,194
1648,0,0,0,0,0,16,2,392
1649,0,0,0,0,0,17,0,424
1650,0,0,1,0,0,14,5,679
1651,0,0,1,0,0,14,1,691
1652,0,0,0,0,0,14,0,453
1653,0,0,0,0,0,16,0,355
1654,0,0,0,0,0,21,0,407
1655,0,0,0,0,0,21,0,386
1656,0,0,0,0,0,21,0,411
1657,0,0,1,0,0,20,0,705
1658,0,0,1,0,0,17,0,619
1659,0,0,0,0,0,16,0,260
1660,0,0,0,0,0,20,0,383
1661,0,0,0,0,0,26,0,321
1662,0,0,0,0,0,20,0,404
1663,0,0,0,0,0,17,7,363
1664,0,0,1,0,0,17,7,714
1665,0,0,1,0,0,14,2,709
1666,0,0,0,0,0,16,0,559
1667,0,0,0,0,0,18,0,266
1668,0,0,0,0,0,21,0,379
1669,0,0,0,0,0,17,1,300
1670,0,0,0,0,0,17,0,488
1671,0,0,1,0,0,19,0,800
1672,0,0,1,0,0,20,0,778
1673,0,0,0,0,0,26,0,576
1674,0,0,0,0,0,23,0,278
1675,0,0,0,0,0,17,1,251
1676,0,0,0,0,0,20,0,329
1677,0,0,0,0,0,27,0,529
1678,0,0,1,0,0,13,4,649
1679,0,0,1,0,0,16,1,919
1680,0,0,0,0,0,21,0,589
1681,0,0,0,0,0,17,0,344
1682,0,0,0,0,0,16,2,481
1683,0,0,0,0,0,16,6,481
1684,0,0,0,0,0,20,0,600
1685,0,0,1,0,0,22,0,752
1686,0,0,1,0,0,20,0,1101
1687,0,0,0,0,0,18,0,668
1688,0,0,0,0,0,20,0,665
1689,0,0,0,0,0,26,0,475
1690,0,0,0,0,0,19,0,785
1691,0,0,0,0,0,17,0,707
1692,0,0,1,0,1,17,0,899
1693,0,0,1,0,1,23,0,1063
1694,0,0,0,1,1,26,0,1029
1695,0,0,0,0,1,31,0,636
1696,0,0,0,0,1,20,5,567
1697,0,0,0,0,1,16,0,728
1698,0,0,0,0,1,21,0,825
1699,0,0,1,0,1,24,0,758
1700,0,0,1,0,1,30,0,750
1701,0,0,0,0,1,29,0,607
1702,1,0,0,0,1,15,0,605
1703,1,0,0,0,1,19,1,588
1704,1,0,0,0,1,22,0,523
1705,1,0,0,0,1,26,0,655
1706,1,0,1,0,1,29,0,1151
1707,1,0,1,0,1,29,0,802
1708,1,0,0,0,0,27,5,464
1709,1,0,0,0,0,16,3,462
1710,1,0,0,0,0,15,6,449
1711,1,0,0,0,0,24,2,599
1712,1,0,0,0,0,25,0,618
1713,1,0,1,0,0,19,0,1146
1714,1,0,1,0,0,24,0,1044
1715,1,0,0,0,0,30,0,517
1716,1,0,0,0,0,19,0,706
1717,1,0,0,0,0,23,0,511
1718,1,0,0,0,0,25,0,684
1719,1,0,0,0,0,26,0,558
1720,1,0,1,0,0,27,0,1285
1721,1,0,1,0,0,23,0,1561
1722,1,0,0,0,0,24,0,730
1723,1,0,0,0,0,29,0,516
1724,1,0,0,0,0,36,0,506
1725,1,0,0,0,0,34,0,499
1726,1,0,0,0,0,25,2,850
1727,1,0,1,0,0,22,0,1704
1728,1,0,1,0,0,29,0,2222
1729,1,0,0,0,0,26,5,1211
1730,1,0,0,0,0,20,8,590
1731,1,0,0,0,0,17,1,747
1732,1,0,0,0,0,21,1,859
1733,1,0,0,0,0,24,0,998
1734,1,0,1,0,0,27,0,2041
1735,1,0,1,0,0,32,0,1965
1736,1,0,0,0,0,36,0,701
1737,1,0,0,0,0,26,0,1037
1738,1,0,0,0,0,23,0,1019
1739,1,0,0,0,0,24,0,819
1740,1,0,0,0,0,24,0,1281
1741,1,0,1,0,0,25,0,2329
1742,1,0,1,0,0,32,0,1787
1743,1,0,0,0,0,37,0,1375
1744,1,0,0,0,0,20,1,755
1745,1,0,0,0,0,17,5,550
1746,1,0,0,0,0,18,15,545
1747,1,0,0,0,0,19,0,927
1748,1,0,1,0,0,22,0,1866
1749,0,0,1,0,0,24,3,1603
1750,1,0,0,0,0,24,0,1026
1751,1,0,0,0,0,19,0,621
1752,1,0,0,0,0,21,6,1035
1753,1,0,0,0,0,22,0,1023
1754,1,0,0,0,0,29,0,1048
1755,1,1,1,0,0,33,0,2056
1756,1,1,1,0,0,20,1,2413
1757,1,1,0,0,0,23,0,1086
1758,1,1,0,0,0,28,0,907
1759,1,1,0,0,0,36,0,805
1760,1,1,0,0,0,40,0,775
1761,1,1,0,0,0,40,0,880
1762,1,1,1,0,0,25,0,2119
1763,1,1,1,0,0,32,3,2290
1764,1,1,0,0,0,28,0,1103
1765,1,1,0,0,0,34,0,950
1766,1,1,0,0,0,37,0,1172
1767,1,1,0,0,0,18,3,721
1768,1,1,0,0,0,22,9,729
1769,1,1,1,0,1,26,0,2110
1770,1,1,1,0,1,22,2,1953
1771,1,1,0,0,1,27,0,1694
1772,1,1,0,0,1,29,0,1515
1773,1,1,0,0,1,35,0,1398
1774,1,1,0,0,1,24,0,2049
1775,1,1,0,0,1,22,0,2191
1776,1,1,1,0,1,25,0,2844
1777,1,1,1,0,1,31,0,2410
1778,1,1,0,0,1,37,0,1953
1779,1,0,0,1,1,40,0,1235
1780,1,0,0,0,1,44,0,1595
1781,1,0,0,0,1,37,0,2077
1782,1,0,1,0,1,31,0,2819
1783,1,0,1,0,1,29,0,3056
1784,1,0,0,0,1,31,0,1753
1785,1,0,0,1,1,34,0,1822
1786,1,0,0,0,1,33,0,2244
1787,1,0,0,0,1,42,0,910
1788,1,0,0,0,1,30,0,2138
1789,1,0,1,0,1,24,0,2847
1790,1,0,1,0,1,28,0,2626
1791,1,0,0,0,1,29,0,1874
1792,1,0,0,0,1,27,0,1973
1793,1,0,0,0,1,26,0,2721
1794,1,0,0,0,1,31,0,2052
1795,1,0,0,0,1,39,0,1079
1796,1,0,1,0,1,33,0,2039
1797,1,0,1,0,1,35,0,2022
1798,1,0,0,0,1,41,0,758
1799,1,0,0,0,1,42,0,670
1800,1,0,0,0,1,41,0,861
1801,1,0,0,0,1,40,0,1120
1802,1,0,0,0,1,27,0,1647
1803,1,0,1,0,1,29,0,2175
1804,1,0,1,0,1,33,0,1962
1805,1,0,0,0,1,36,0,1194
1806,1,0,0,0,1,40,0,796
1807,1,0,0,0,1,42,0,579
1808,1,0,0,0,1,48,0,346
1809,1,0,0,0,1,32,0,947
1810,1,0,1,0,1,29,0,1638
1811,1,0,1,0,1,27,0,1985
1812,1,0,0,1,1,31,0,1864
1813,1,0,0,0,0,34,0,481
1814,1,0,0,0,0,40,0,351
1815,1,0,0,0,0,26,0,652
1816,1,0,0,0,0,29,0,723
1817,1,0,1,0,0,39,0,982
1818,1,0,1,0,0,40,0,1329
1819,1,0,0,0,0,27,0,612
1820,1,0,0,0,0,31,0,533
1821,1,0,0,0,0,33,0,622
1822,1,0,0,0,0,32,0,543
1823,1,0,0,0,0,24,0,717
1824,1,0,1,0,0,23,4,1391
1825,1,0,1,0,0,24,0,2404
1826,1,0,0,0,0,25,0,536
1827,1,0,0,0,0,21,2,570
1828,1,0,0,0,0,23,2,517
1829,1,0,0,0,0,25,0,706
1830,1,0,0,0,0,30,0,689
1831,1,0,1,0,0,32,0,1471
1832,1,0,1,0,0,37,0,1425
1833,1,0,0,0,0,24,0,719
1834,1,0,0,0,0,24,0,635
1835,1,0,0,0,0,25,0,532
1836,1,0,0,0,0,27,0,536
1837,1,0,0,0,0,32,0,474
1838,1,0,1,0,0,33,0,1632
1839,1,0,1,0,0,38,0,1301
1840,1,0,0,0,0,39,0,407
1841,1,0,0,0,0,38,0,384
1842,1,0,0,0,0,39,0,471
1843,1,0,0,0,0,39,0,422
1844,1,0,0,0,0,42,0,409
1845,1,0,1,0,0,41,0,692
1846,1,0,1,0,0,34,0,1735
1847,1,0,0,0,0,34,0,750
1848,1,0,0,0,0,25,0,547
1849,1,0,0,0,0,21,0,504
1850,1,0,0,0,0,26,0,643
1851,1,0,0,0,0,28,0,839
1852,1,0,1,0,0,29,0,2215
1853,1,0,1,0,0,27,0,2468
1854,1,0,0,1,0,25,0,2533
1855,1,0,0,0,0,23,0,729
1856,1,0,0,0,0,23,1,402
1857,1,0,0,0,0,26,0,581
1858,1,0,0,0,0,27,0,803
1859,1,0,1,0,0,30,0,1315
1860,1,0,1,0,0,32,0,1460
1861,1,0,0,0,0,32,0,827
1862,1,0,0,0,0,31,0,515
1863,1,0,0,0,0,30,0,570
1864,1,0,0,0,0,29,0,535
1865,1,0,0,0,0,34,0,784
1866,1,0,1,0,0,26,0,1835
1867,1,0,1,0,0,27,0,1935
1868,1,0,0,0,0,20,2,475
1869,1,0,0,0,0,22,2,658
1870,1,0,0,0,0,25,0,576
1871,1,0,0,0,0,30,0,650
1872,1,0,0,0,0,22,0,535
1873,1,0,1,0,0,18,2,1619
1874,1,0,1,0,0,21,2,1568
1875,1,0,0,0,0,23,0,511
1876,1,0,0,0,0,28,0,515
1877,1,0,0,0,0,27,0,637
1878,1,0,0,0,0,34,0,641
1879,1,0,0,0,0,33,0,554
1880,1,0,1,0,0,22,0,1694
1881,1,0,1,0,0,24,0,1714
1882,1,0,0,0,0,24,0,592
1883,1,0,0,0,0,19,4,791
1884,1,0,0,0,0,20,0,622
1885,1,0,0,0,0,22,0,799
1886,1,0,0,0,0,25,0,878
1887,1,0,1,0,1,23,0,1693
1888,1,0,1,0,1,29,1,2096
1889,1,0,0,0,1,29,0,1599
1890,1,0,0,0,1,34,0,1164
1891,1,0,0,0,1,27,0,1366
1892,1,0,0,0,1,24,0,1359
1893,1,0,0,1,1,34,0,2427
1894,1,0,1,1,1,32,0,2706
1895,1,0,1,1,1,21,0,2420
1896,1,0,0,1,1,21,0,2769
1897,1,0,0,0,1,22,0,1886
1898,1,0,0,0,1,21,0,1887
1899,1,0,0,1,1,22,0,2321
1900,1,0,0,0,1,18,0,1177
1901,1,0,1,0,1,19,0,1283
1902,0,0,1,0,1,19,0,1049
1903,1,0,0,0,0,25,0,516
1904,1,0,0,0,0,25,0,694
1905,1,0,0,0,0,20,7,500
1906,1,0,0,0,0,17,10,485
1907,1,0,0,0,0,19,5,532
1908,1,0,1,0,0,19,5,1144
1909,1,0,1,0,0,19,0,1400
1910,1,0,0,0,0,20,0,484
1911,1,0,0,0,0,18,0,442
1912,1,0,0,0,0,18,15,367
1913,0,0,0,0,0,12,5,462
1914,0,0,0,0,0,15,10,402
1915,0,0,1,0,0,18,2,721
1916,0,0,1,0,0,17,1,847
1917,0,0,0,0,0,20,0,382
1918,0,0,0,0,0,20,0,331
1919,0,0,0,0,0,21,0,405
1920,1,0,0,0,0,22,0,572
1921,1,0,0,0,0,23,0,549
1922,1,0,1,0,0,25,0,894
1923,1,0,1,0,0,23,0,829
1924,1,0,0,0,0,19,4,517
1925,1,0,0,0,0,23,0,353
1926,1,0,0,0,0,22,0,353
1927,1,0,0,0,0,25,0,437
1928,1,0,0,0,0,24,2,450
1929,1,0,1,0,0,16,1,961
1930,1,0,1,0,0,16,3,763
1931,0,0,0,0,0,15,10,339
1932,0,0,0,0,0,16,1,280
1933,0,0,0,0,0,14,3,219
1934,0,0,0,0,0,15,2,326
1935,0,0,0,0,0,15,0,300
1936,0,0,1,0,0,16,0,598
1937,0,0,1,0,0,16,1,594
1938,0,0,0,0,0,15,0,347
1939,0,0,0,0,0,13,0,361
1940,0,0,0,0,0,15,0,271
1941,0,0,0,0,0,15,0,363
1942,0,0,0,0,0,17,0,524
1943,0,0,1,0,0,18,0,990
1944,0,0,1,0,0,17,0,1068
1945,0,0,0,1,0,18,5,900
1946,0,0,0,0,0,22,0,272
1947,0,0,0,0,0,18,15,264
1948,0,0,0,0,0,17,1,246
1949,0,0,0,0,0,17,0,438
1950,0,0,1,0,0,16,1,676
1951,0,0,1,0,0,17,0,770
1952,0,0,0,0,0,15,0,365
1953,0,0,0,0,0,15,5,242
1954,0,0,0,0,0,14,0,345
1955,0,0,0,0,0,13,0,279
1956,0,0,0,0,0,15,0,369
1957,0,0,1,0,0,16,0,658
1958,0,0,1,0,0,14,0,796
1959,0,0,0,0,0,12,0,384
1960,0,0,0,0,0,17,0,234
1961,0,0,0,0,0,20,0,366
1962,0,0,0,0,0,22,0,392
1963,0,0,0,0,0,22,0,447
1964,0,0,1,0,0,14,13,145
1965,0,0,1,0,0,13,15,895
1966,0,0,0,0,0,15,0,389
1967,0,0,0,0,0,16,0,396
1968,0,0,0,0,0,17,0,392
1969,0,0,0,0,0,17,0,443
1970,0,0,0,0,0,22,0,507
1971,0,0,1,0,1,22,0,636
1972,0,0,1,0,1,17,5,888
1973,0,0,0,0,1,16,0,628
1974,0,0,0,0,1,17,0,569
1975,0,0,0,0,1,17,0,478
1976,0,0,0,0,1,16,3,412
1977,0,0,0,0,1,14,3,600
1978,0,0,1,0,1,13,5,738
1979,0,0,1,0,1,13,2,794
1980,0,0,0,0,1,14,3,592
1981,0,0,0,0,1,15,1,502
1982,0,0,0,0,1,15,2,407
1983,0,0,0,0,1,15,1,552
1984,0,0,0,0,1,19,0,683
1985,0,0,1,0,1,20,0,668
1986,0,0,1,0,1,17,0,735
1987,0,0,0,0,0,19,0,346
1988,0,0,0,0,0,16,5,278
1989,0,0,0,0,0,16,4,393
1990,0,0,0,0,0,18,0,296
1991,0,0,0,0,0,17,0,369
1992,0,0,1,0,0,16,0,668
1993,0,0,1,0,0,19,0,500
1994,0,0,0,0,0,17,4,188
1995,0,0,0,0,0,15,0,254
